url,label
https://voiceflow.com/
https://learnawesome.org/
https://www.descript.com/
https://zenkit.com/
https://www.notion.so/
https://www.roamresearch.com/
https://www.dendron.so/
https://www.causal.app/
https://super.so/
https://shardlab.com/
https://www.mavenoid.com/
https://www.wordtune.com/
https://www.1password.com/
https://www.turbo.net/
https://tonicdev.com/
https://plausible.io/
https://www.crunchbase.com/
https://www.vox.com/
https://www.theverge.com/
https://www.businessinsider.com/
https://www.morningbrew.com/
https://www.axios.com/
https://www.protocol.com/
https://techcrunch.com/
https://www.wired.com/
https://www.engadget.com/
https://www.cnbc.com/
https://www.bloomberg.com/
https://www.marketwatch.com/
https://www.businesswire.com/
https://www.forbes.com/
https://www.fastcompany.com/
https://www.inc.com/
https://www.entrepreneur.com/
https://www.investopedia.com/
https://www.fool.com/
https://www.barrons.com/
https://www.wsj.com/
https://www.nytimes.com/
https://www.washingtonpost.com/
https://www.theguardian.com/
https://edition.cnn.com/
https://www.bbc.com/
https://www.reuters.com/
https://www.aljazeera.com/
https://www.france24.com/
https://apnews.com/
https://www.usatoday.com/
https://www.npr.org/
https://www.pbs.org/
https://www.buzzfeed.com/
https://www.huffpost.com/
https://www.vox.com/
https://www.wired.com/
https://www.theatlantic.com/
https://www.newyorker.com/
https://www.vanityfair.com/
https://www.rollingstone.com/
https://www.billboard.com/
https://www.tmz.com/
https://www.eonline.com/
https://www.popsugar.com/
https://www.buzzfeednews.com/
https://www.nbcnews.com/
https://www.cbsnews.com/
https://abcnews.go.com/
https://www.foxnews.com/
https://www.usnews.com/
https://time.com/
https://www.newsweek.com/
https://www.theatlantic.com/
https://www.newyorker.com/
https://www.vanityfair.com/
https://www.rollingstone.com/
https://www.billboard.com/
https://www.tmz.com/
https://www.eonline.com/
https://www.popsugar.com/
https://www.buzzfeednews.com/
https://www.nbcnews.com/
https://www.cbsnews.com/
https://abcnews.go.com/
https://www.foxnews.com/
https://www.usnews.com/
https://time.com/
https://www.newsweek.com/
https://www.newscientist.com/
https://www.scientificamerican.com/
https://www.nationalgeographic.com/
https://www.nasa.gov/
https://www.space.com/
https://www.sciencealert.com/
https://www.sciencedaily.com/
https://www.nature.com/
https://www.cell.com/
https://www.sciencemag.org/
https://www.thelancet.com/
https://www.nejm.org/
https://www.pnas.org/
https://www.ncbi.nlm.nih.gov/
https://www.who.int/
https://www.cdc.gov/
https://www.fda.gov/
https://www.nih.gov/
https://www.healthline.com/
https://www.webmd.com/
https://www.mayoclinic.org/
https://www.medicalnewstoday.com/

https://remotehub.io/
https://chatwoot.com/
https://deepnote.com/
https://firegento.com/
https://datadog.com/
https://userdeck.com/
https://omnisend.com/
https://markd.co/
https://usefathom.com/
https://scrumpy.io/
https://offerzen.com/
https://leadfeeder.com/
https://devheroes.io/
https://tryretool.com/
https://draftbit.com/
https://pageflows.com/
https://hotjar.com/
https://remoteok.com/
https://cleverstack.io/
https://amp.dev/
https://flutter.dev/
https://dev.to/
https://hashnode.com/
https://egghead.io/
https://prisma.io/
https://hasura.io/
https://strapi.io/
https://keystonejs.com/
https://ghost.org/
https://pubpub.org/
https://svelte.dev/
https://golang.org/
https://raku.org/
https://elixir-lang.org/
https://scala-lang.org/
https://rust-lang.org/
https://haskell.org/
https://kotlinlang.org/
https://reasonml.org/
https://idris-lang.org/
https://agda.github.io/
https://coq.inria.fr/
https://www.zulip.org/
https://www.element.io/
https://rocket.chat/
https://www.mattermost.com/
https://www.symphony.com/
https://www.wire.com/
https://www.signal.org/
https://www.telegram.org/
https://www.whatsapp.com/
https://www.skype.com/
https://www.discord.com/
https://www.slack.com/
https://www.microsoft.com/en-in/microsoft-365/microsoft-teams/group-chat-software
https://www.google.com/intl/en_in/gmail/about/
https://mail.yahoo.com/
https://www.zoho.com/mail/
https://www.icloud.com/mail/
https://www.fastmail.com/
https://protonmail.com/
https://mailchimp.com/
https://www.campaignmonitor.com/
https://www.getresponse.com/
https://www.sendinblue.com/
https://www.aweber.com/
https://www.mailerlite.com/
https://www.verticalresponse.com/
https://www.activecampaign.com/
https://www.constantcontact.com/
https://www.drip.com/
https://www.moosend.com/
https://www.cakemail.com/
https://www.omnisend.com/
https://www.klaviyo.com/
https://www.campaigner.com/
https://www.emarsys.com/
https://www.sailthru.com/
https://www.salesforce.com/in/products/marketing-cloud/overview/
https://www.mongodb.com/
https://www.atlassian.com/software/jira
https://www.jetbrains.com/pycharm/
https://www.djangoproject.com/
https://www.djangoproject.com/
https://flask.palletsprojects.com/
https://nodejs.org/en/
https://www.ruby-lang.org/en/
https://www.php.net/
https://www.docker.com/
https://www.nginx.com/
https://www.apache.org/
https://www.mysql.com/
https://www.postgresql.org/
https://www.sqlite.org/index.html
https://www.microsoft.com/en-us/sql-server
https://www.oracle.com/database/
https://aws.amazon.com/rds/
https://cloud.google.com/sql
https://www.ibm.com/cloud/databases
https://firebase.google.com/
https://www.cockroachlabs.com/
https://www.elastic.co/
https://www.rabbitmq.com/
https://kafka.apache.org/
https://www.memsql.com/
https://www.influxdata.com/
https://www.prometheus.io/
https://grafana.com/
https://www.postman.com/
https://www.getpostman.com/
https://insomnia.rest/
https://www.charlesproxy.com/
https://www.wireshark.org/
https://www.tcpdump.org/
https://www.ngrok.com/
https://www.cloudflare.com/
https://www.cloudflare.com/
https://www.fastly.com/
https://www.varnish-cache.org/
https://aws.amazon.com/cloudfront/
https://www.akamai.com/
https://www.digitalocean.com/
https://www.linode.com/
https://www.vultr.com/
https://www.heroku.com/
https://www.netlify.com/
https://pages.github.com/
https://www.vercel.com/
https://www.cloudflare.com/
https://aws.amazon.com/s3/
https://cloud.google.com/storage
https://www.mongodb.com/cloud/atlas
https://aws.amazon.com/dynamodb/
https://cloud.google.com/bigtable
https://aws.amazon.com/redshift/
https://cloud.google.com/bigquery
https://www.snowflake.com/
https://www.apache.org/
https://www.nginx.com/
https://www.apache.org/
https://www.rabbitmq.com/
https://kafka.apache.org/
https://www.memcached.org/
https://www.redis.io/
https://www.varnish-cache.org/
https://aws.amazon.com/elasticache/
https://cloud.google.com/memorystore
https://www.cloudflare.com/
https://www.nginx.com/
https://www.apache.org/
https://www.elastic.co/
https://www.mongodb.com/
https://www.postgresql.org/
https://www.mysql.com/
https://www.sqlite.org/index.html
https://www.microsoft.com/en-us/sql-server
https://www.oracle.com/database/
https://aws.amazon.com/rds/
https://cloud.google.com/sql
https://www.ibm.com/cloud/databases
https://firebase.google.com/
https://www.cockroachlabs.com/
https://www.mongodb.com/cloud/atlas
https://aws.amazon.com/dynamodb/
https://cloud.google.com/bigtable
https://aws.amazon.com/redshift/
https://cloud.google.com/bigquery
https://www.snowflake.com/
https://www.postgresql.org/
https://www.mysql.com/
https://www.sqlite.org/index.html
https://www.microsoft.com/en-us/sql-server
https://www.oracle.com/database/
https://www.mongodb.com/
https://www.couchbase.com/
https://www.couchdb.apache.org/
https://www.neoj4.com/
https://www.arangodb.com/
https://aws.amazon.com/rds/
https://cloud.google.com/spanner
https://aws.amazon.com/sqs/
https://cloud.google.com/pubsub
https://www.rabbitmq.com/
https://kafka.apache.org/
https://aws.amazon.com/sns/
https://cloud.google.com/pubsub
https://www.rabbitmq.com/
https://kafka.apache.org/
https://www.memcached.org/
https://www.redis.io/
https://aws.amazon.com/elasticache/
https://cloud.google.com/memorystore
https://www.cloudflare.com/
https://www.nginx.com/
https://www.apache.org/
https://www.elastic.co/
https://www.mongodb.com/
https://www.postgresql.org/
https://www.mysql.com/
https://www.sqlite.org/index.html
https://www.microsoft.com/en-us/sql-server
https://www.oracle.com/database/
https://aws.amazon.com/rds/
https://cloud.google.com/sql
https://www.ibm.com/cloud/databases
https://firebase.google.com/
https://www.cockroachlabs.com/
https://www.mongodb.com/cloud/atlas
https://aws.amazon.com/dynamodb/
https://cloud.google.com/bigtable
https://aws.amazon.com/redshift/
https://cloud.google.com/bigquery
https://www.snowflake.com/
https://www.postgresql.org/
https://www.mysql.com/
https://www.sqlite.org/index.html
https://www.microsoft.com/en-us/sql-server
https://www.oracle.com/database/
https://www.mongodb.com/
https://www.couchbase.com/
https://www.couchdb.apache.org/
https://www.neoj4.com/
https://www.arangodb.com/
https://aws.amazon.com/rds/
https://cloud.google.com/spanner
https://aws.amazon.com/sqs/
https://cloud.google.com/pubsub
https://www.rabbitmq.com/
https://kafka.apache.org/
https://aws.amazon.com/sns/
https://cloud.google.com/pubsub
https://www.rabbitmq.com/
https://kafka.apache.org/
https://www.memcached.org/
https://www.redis.io/
https://aws.amazon.com/elasticache/
https://cloud.google.com/memorystore
https://www.cloudflare.com/
https://www.nginx.com/
https://www.apache.org/
https://www.elastic.co/
https://www.mongodb.com/
https://www.postgresql.org/
https://www.mysql.com/
https://www.sqlite.org/index.html
https://www.microsoft.com/en-us/sql-server
https://www.oracle.com/database/
https://aws.amazon.com/rds/
https://cloud.google.com/sql
https://www.ibm.com/cloud/databases
https://firebase.google.com/
https://www.cockroachlabs.com/
https://www.mongodb.com/cloud/atlas
https://aws.amazon.com/dynamodb/
https://cloud.google.com/bigtable
https://aws.amazon.com/redshift/
https://cloud.google.com/bigquery
https://www.snowflake.com/
https://webflow.com/
https://www.nocode.tech/
https://bubble.io/
https://www.adalo.com/
https://www.glideapps.com/
https://www.stacker.app/
https://airtable.com/
https://www.carrd.co/
https://www.softr.io/
https://www.wix.com/
https://www.squarespace.com/
https://www.shopify.com/
https://www.bigcommerce.com/
https://www.volusion.com/
https://www.magento.com/
https://www.prestashop.com/
https://www.opencart.com/
https://www.etsy.com/
https://www.ebay.com/
https://www.amazon.com/
https://www.aliexpress.com/
https://www.alibaba.com/
https://www.tiktok.com/
https://www.snapchat.com/
https://www.instagram.com/
https://www.pinterest.com/
https://www.linkedin.com/
https://www.facebook.com/
https://www.twitter.com/
https://www.reddit.com/
https://www.youtube.com/
https://www.twitch.tv/
https://www.spotify.com/
https://www.apple.com/
https://www.microsoft.com/
https://www.google.com/
https://www.amazon.com/
https://www.facebook.com/
https://www.netflix.com/
https://www.whatsapp.com/
https://www.instagram.com/
https://www.linkedin.com/
https://www.snapchat.com/
https://www.twitter.com/
https://www.tiktok.com/
https://www.pinterest.com/
https://www.reddit.com/
https://www.youtube.com/
https://www.twitch.tv/
https://www.spotify.com/
https://www.apple.com/
https://www.microsoft.com/
https://www.google.com/
https://webflow.com/
https://www.nocode.tech/
https://bubble.io/
https://www.adalo.com/
https://www.glideapps.com/
https://www.stacker.app/
https://airtable.com/
https://www.carrd.co/
https://www.softr.io/
https://www.wix.com/
https://www.squarespace.com/
https://www.shopify.com/
https://www.bigcommerce.com/
https://www.volusion.com/
https://www.magento.com/
https://www.prestashop.com/
https://www.opencart.com/
https://www.etsy.com/
https://www.ebay.com/