Domain,Have_At,URL_Length,URL_Depth,Redirection,Http_In_Domain,Tiny_URL,Prefix/Suffix,DNS,Domain_Age,Domain_End,Subdomains_Count,iFrame,Fake_Status_Bar,Right_Click,Forwarding,Label
http://1-inch.vercel.app,0,0,0,0,0,0,1,0,1,1,1,1,0,0,0
https://1-inch.vercel.app/,0,0,0,0,0,0,1,0,1,1,1,1,0,0,0
http://robos-m.clicketcloud.com/?https://bradesco.com.br,0,0,0,1,0,0,1,1,1,1,1,0,0,0,0
https://arrowhelp.tech/v/s/a/session_index.php,0,0,4,0,0,0,0,0,9,0,1,1,1,1,1
https://arrowhelp.tech,0,0,0,0,0,0,0,0,9,0,1,1,1,1,1
https://linkup.top/cnfrmtion.hlpacc22,0,0,1,0,0,0,0,0,522,0,1,0,0,0,0
https://lokakao92.blogspot.com/,0,0,0,0,0,1,0,1,1,1,1,0,0,0,1
https://abdola7.blogspot.com/,0,0,0,0,0,1,0,1,1,1,1,0,0,0,0
https://scanretail.co.bw/g/SBB/index/,0,0,3,0,0,0,0,0,669,1,1,0,0,0,0
https://jaola92.blogspot.com/,0,0,0,0,0,1,0,1,1,1,1,0,0,0,0
https://zonzorana.blogspot.com/,0,0,0,0,0,1,0,1,1,1,1,0,0,0,0
https://robos-m.clicketcloud.com/?https://bradesco.com.br,0,0,0,1,0,0,1,1,1,1,1,0,0,0,0
https://robos-m.clicketcloud.com/#https://santander.com.br,0,0,0,1,0,0,1,1,1,1,1,0,0,0,0
https://robos-m.clicketcloud.com/?997223#https://santander.com.br,0,1,0,1,0,0,1,1,1,1,1,0,0,0,0
https://robos-m.clicketcloud.com/?851122,0,0,0,0,0,0,1,1,1,1,1,0,0,0,0
https://entdexx.clicketcloud.com/rioverde.php/5oe244o2elo3l3o563/#https://santander.com.br,0,1,2,1,0,0,0,1,1,1,1,0,0,0,0
https://robos-m.clicketcloud.com/?972010,0,0,0,0,0,0,1,1,1,1,1,0,0,0,0
https://entdexx.clicketcloud.com/rioverde.php/5oe244o2elo3l3o563/?https://santander.com.br,0,1,2,1,0,0,0,1,1,1,1,0,0,0,0
https://robos-m.clicketcloud.com/?656488,0,0,0,0,0,0,1,1,1,1,1,0,0,0,0
https://entdexx.clicketcloud.com/rioverde.php/5oe244o2elo3l3o563/index.php?https://santander.com.br,0,1,3,1,0,0,0,1,1,1,1,0,0,0,0
https://robos-m.clicketcloud.com/?437976,0,0,0,0,0,0,1,1,1,1,1,0,0,0,0
https://entdexx.clicketcloud.com/rioverde.php/5oe244o2elo3l3o563/index.php?https://bradesco.com.br,0,1,3,1,0,0,0,1,1,1,1,0,0,0,0
https://j7dfpado.duckdns.org,0,0,0,0,0,0,0,0,1,1,1,1,1,1,1
https://juxb0i1.duckdns.org,0,0,0,0,0,0,0,0,1,1,1,1,1,1,1
https://dsoazd-dzad-cfdsv-afezf.web.app/#/v3/oevlogin/login,0,0,0,0,0,0,1,0,1,1,1,0,0,0,0
https://sawsla.blogspot.com/,0,0,0,0,0,1,0,1,1,1,1,0,0,0,0
https://getmassaulbfnow.com/online/,0,0,1,0,0,0,0,0,16,0,1,1,1,1,1
https://pub-d683af05807b4e5b9294db6780bedd0e.r2.dev/index.html,0,1,1,0,0,0,1,0,626,0,1,1,0,0,0
https://pub-1524c2975f2f4163bc1c411d85b3bba8.r2.dev/index.html,0,1,1,0,0,0,1,0,626,0,1,0,0,0,0
https://pub-c690f4a885cf4bc88d5c10ab6f5c36bc.r2.dev/heke91.html,0,1,1,0,0,0,1,0,626,0,1,1,0,0,0
https://pub-1da30c140c554246b20c9f8e21350be4.r2.dev/heke91.html,0,1,1,0,0,0,1,0,626,0,1,1,0,0,0
https://pub-187c855e134c4cd4aae9238ba7f23ca8.r2.dev/heke91.html,0,1,1,0,0,0,1,0,626,0,1,1,0,0,0
https://pub-50d549181555454b98c09ed041f7033c.r2.dev/index1.html,0,1,1,0,0,0,1,0,626,0,1,0,0,0,0
https://pub-7813f2a162c044ae8a4fef6bfcbe7928.r2.dev/2.html,0,0,1,0,0,0,1,0,626,0,1,0,0,0,0
http://pub-c1e241bbbbe8488f9602428e9332dd93.r2.dev/portal-update.html,0,1,1,0,0,0,1,0,626,0,1,0,0,0,0
http://pub-e72274aede3243deb63ad6991227c2a9.r2.dev/pdf.html,0,0,1,0,0,0,1,0,626,0,1,0,0,0,0
https://pub-d046b1b0673341f29a5b582bfc8de348.r2.dev/cc.html,0,0,1,0,0,0,1,0,626,0,1,0,0,0,0
https://pub-6151cbb4115d47dda1a50e6b3f392453.r2.dev/index.html,0,1,1,0,0,0,1,0,626,0,1,0,0,0,0
https://pub-f7076e6b96664daf90ae8357ef8b9110.r2.dev/DF1.html,0,0,1,0,0,0,1,0,626,0,1,0,0,0,0
https://pub-bcf6cff79f154c648fcf97b4700be587.r2.dev/DF1.html,0,0,1,0,0,0,1,0,626,0,1,0,0,0,0
https://pub-2e9f7e6a49e643e4bb5ae441acd938a7.r2.dev/DF1.html,0,0,1,0,0,0,1,0,626,0,1,0,0,0,0
https://pub-1e680dcaae094b5a809011eb2ab3f370.r2.dev/DF1.html,0,0,1,0,0,0,1,0,626,0,1,0,0,0,0
https://pub-e4333b0bb67746bb9b9dfa88c6ca2179.r2.dev/qwindex.html,0,1,1,0,0,0,1,0,626,0,1,0,0,0,0
https://pub-7b01259ddd074a6db9b6d54c6dd56b62.r2.dev/index.html,0,1,1,0,0,0,1,0,626,0,1,0,0,0,0
https://pub-cab7df3468754c5981fad1ab8646d25d.r2.dev/CHAMELEONd.html,0,1,1,0,0,0,1,0,626,0,1,1,0,1,0
https://pub-c21d06e34c8c474b943662dc60536684.r2.dev/indexjs3.html,0,1,1,0,0,0,1,0,626,0,1,0,0,0,0
https://pub-970ca05b6be3436ba710a62c4da4c6fe.r2.dev/indexjs.html,0,1,1,0,0,0,1,0,626,0,1,0,0,0,0
https://pub-53c03b9b90fe486a82cc03ab66bd7ace.r2.dev/index.html,0,1,1,0,0,0,1,0,626,0,1,0,0,0,0
https://pub-1735e6cb161e49a7925d5e84c1a4f75e.r2.dev/indexjs.html,0,1,1,0,0,0,1,0,626,0,1,0,0,0,0
https://servicedomaint55network12.weebly.com/,0,0,0,0,0,0,0,0,6617,0,1,0,0,0,0
https://pub-8461ec5658b84427a8af878c7c33b174.r2.dev/user.html,0,0,1,0,0,0,1,0,626,0,1,0,0,0,0
https://pub-e882f84017744d8893e3a04d49e2a45c.r2.dev/resh_link.html,0,1,1,0,0,0,1,0,626,0,1,0,0,0,0
https://pub-cde0324a78a3470aa6a82acbd1d42d41.r2.dev/oeuhd.html,0,1,1,0,0,0,1,0,626,0,1,0,0,0,0
https://pub-9e76c9e10e844ee28860580332d51207.r2.dev/loginftfdfjghfgjhtherg.html,0,1,1,0,0,0,1,0,626,0,1,0,0,0,0
https://pub-7320696e672e41dcbdb04edcc02343b5.r2.dev/blobbb.html,0,1,1,0,0,0,1,0,626,0,1,0,0,0,0
https://pub-5c6c84a6b5654ed8ae456f6055f4d405.r2.dev/22.html,0,0,1,0,0,0,1,0,626,0,1,0,0,0,0
https://pub-5c0a6e09c8254916905bbc890ff2032e.r2.dev/jolink.html,0,1,1,0,0,0,1,0,626,0,1,0,0,0,0
https://pub-16cf6af00af1471582fcfc948b178eed.r2.dev/owa.html,0,0,1,0,0,0,1,0,626,0,1,0,0,0,0
http://pub-006f4184d0f140debf8f24643e8860c4.r2.dev/itauth.html,0,1,1,0,0,0,1,0,626,0,1,0,0,0,0
https://pub-4b70206b462d4791bccb728934826ab1.r2.dev/Emails%20Expire.html,0,1,1,0,0,0,1,0,626,0,1,0,0,0,0
https://pub-98dff63b6dd14a718dd5ca6a648e9090.r2.dev/CHAMELEONdjhj.html,0,1,1,0,0,0,1,0,626,0,1,1,0,1,0
https://pub-930cd0c1d0ce4d0d996fc5fc58003652.r2.dev/ll/index.html,0,1,2,0,0,0,1,0,626,0,1,0,0,0,0
https://pub-06a02c807d534832bbc52bd22014d2c2.r2.dev/ll/index.html,0,1,2,0,0,0,1,0,626,0,1,0,0,0,0
https://pub-96031a776005426da96f969f77b628f3.r2.dev/~~~~~~~~~~~~~~~)(%26%5E5.html,0,1,1,0,0,0,1,0,626,0,1,0,0,0,0
https://pub-785ceff4c7744e0291ce10ad33e52189.r2.dev/link(2).html,0,1,1,0,0,0,1,0,626,0,1,0,0,0,0
https://docs.google.com/presentation/d/e/2PACX-1vS4NfYXiQ_ms_qMpdD4noqc5JwZbSc7AO-3rPHq_1KrZF9YznEBa_7YpwJ8oTYUFAs23OddDSaAsdC7/pub?start=false&amp;loop=false&amp;delayms=3000,0,1,5,0,0,0,0,0,9734,0,1,0,0,0,0
https://nodemasterapp.online/egreenappservices/,0,0,1,0,0,0,0,0,118,0,1,1,1,1,1
https://nodemasterapp.online/egreenappservices,0,0,1,0,0,0,0,0,118,0,1,1,1,1,1
https://gonjangganjingseruduk.my.id/soaso/tamban/gua.php,0,0,3,0,0,0,0,0,12,0,1,0,0,0,0
https://requireedtion.github.io/aproveds/problem-aces/review-fhoto/,0,1,3,0,0,0,0,0,1,1,1,0,0,0,0
https://one-ruba.com/CMD/ywaa/dkmee/info.php,0,0,4,0,0,0,1,0,18,0,1,1,1,1,1
https://one-ruba.com/CMD/ywaa/dkmee/intreduction.php,0,0,4,0,0,0,1,0,18,0,1,1,1,1,1
https://b7b8-postmaster.systeme.io/proxy/request/298218008355f293448a8cd0cd378ec482c56,0,1,3,0,0,0,1,0,3231,1,1,0,0,0,0
https://one-ruba.com/arua/areautenti/login.php,0,0,3,0,0,0,1,0,18,0,1,1,1,1,1
https://f-apeeal-issue-case-violation.github.io/10095/request.html,0,1,2,0,0,0,1,0,1,1,1,0,0,0,0
https://linknetwork45675467scurtyvsverice.weebly.com/,0,0,0,0,0,0,0,0,6617,0,1,0,0,0,0
https://hgfxgcvjbkjh.weebly.com/,0,0,0,0,0,0,0,0,6617,0,1,0,0,0,0
https://cloudflare-ipfs.com/ipfs/QmaXEXSNVkaGGC8y3SqMeBiRodXDiufThkFoZvsBjsagmQ?#noc@cloudflare.com,1,1,2,0,0,0,1,0,2172,0,1,0,0,0,0
https://cancelalerbloksite.github.io/ofcaserestricnow/aces/helping/homes/,0,1,4,0,0,0,0,0,1,1,1,0,0,1,0
https://cancelalerbloksite.github.io/ofcaserestricnow/aces/suspendsioon/teamshop/,0,1,4,0,0,0,0,0,1,1,1,0,0,1,0
https://00l01.tembont.com/0mL7iY/email@example.com,1,0,2,0,0,1,0,0,15,0,1,1,1,1,1
http://vinswap.pages.dev/,0,0,0,0,0,0,0,0,1,1,1,0,0,0,0
https://vinswap.pages.dev/,0,0,0,0,0,0,0,0,1,1,1,0,0,0,0
https://swiss-pass.blogspot.com/,0,0,0,0,0,1,1,1,1,1,1,0,0,0,0
https://volkano.es/wp-content/SBB/SBB/index/,0,0,4,0,0,0,0,0,1,1,1,0,0,0,0
https://qrecodeeconsultscan.top/z/2/6/ISDUFHiudshfniDUFiu/verify,0,1,5,0,0,0,0,0,13,0,1,1,1,1,1
https://mydsk-bg.com/my/bg/visit/6631fe0ded2fc/defaut.php,0,0,5,0,0,0,1,0,14,0,1,1,1,1,1
http://restorebugs.pages.dev,0,0,0,0,0,0,0,0,1,1,1,0,0,0,0
https://restorebugs.pages.dev/,0,0,0,0,0,0,0,0,1,1,1,0,0,0,0
https://login-swisspass.zaroop.online/app/,0,0,1,0,0,0,1,0,198,0,1,1,1,1,1
https://manager-ads-active.site/account/business,0,0,2,0,0,0,1,0,10,0,1,1,1,1,1
https://manager-ads-active.site/confirm,0,0,1,0,0,0,1,0,10,0,1,1,1,1,1
https://mnoiduududss.ukit.me/,0,0,0,0,0,0,0,0,2706,0,1,0,0,0,0
https://mygovvmailer.brizy.site/,0,0,0,0,0,0,0,0,2240,0,1,0,0,0,0
https://gobonlineaccess.webflow.io/,0,0,0,0,0,0,0,0,4020,0,1,0,0,0,0
https://frontieryhoomalll.webflow.io/,0,0,0,0,0,0,0,0,4020,0,1,0,0,0,0
https://jobresume147.wixsite.com/jkdhjdg,0,0,1,0,0,0,0,1,1,1,1,0,0,0,0
https://voice-mail-b69fcc.webflow.io/,0,0,0,0,0,0,1,0,4020,0,1,0,0,0,0
https://adriannadunock.wixsite.com/my-site,0,0,1,0,0,0,0,1,1,1,1,0,0,0,0
http://bloomweb.live/connection-module/,0,0,1,0,0,0,0,0,10,0,1,1,1,1,1
https://bloomweb.live/connection-module/,0,0,1,0,0,0,0,0,10,0,1,1,1,1,1
https://edutelstrawebmail.wixsite.com/my-site,0,0,1,0,0,0,0,1,1,1,1,0,0,0,0
https://signinmail54323.wixsite.com/my-site,0,0,1,0,0,0,0,1,1,1,1,0,0,0,0
https://hddydok7596.godaddysites.com/,0,0,0,0,0,0,0,0,3826,0,1,0,0,0,0
https://personalitem.godaddysites.com/,0,0,0,0,0,0,0,0,3826,0,1,0,0,0,0
https://mathmaticesscore.wixsite.com/my-site-1,0,0,1,0,0,0,0,1,1,1,1,0,0,0,0
https://sharepoint-434904-1a8d200-8234d28e1803c.webflow.io/,0,0,0,0,0,0,1,0,4020,0,1,0,0,0,0
https://zimbra-33b08a.webflow.io/,0,0,0,0,0,0,1,0,4020,0,1,0,0,0,0
https://hsy816.wixsite.com/my-site,0,0,1,0,0,0,0,1,1,1,1,0,0,0,0
https://ip6v7nf2.duckdns.org,0,0,0,0,0,0,0,0,1,1,1,1,1,1,1
https://j9mmyvwk.duckdns.org,0,0,0,0,0,0,0,0,1,1,1,1,1,1,1
https://mygovau4verificati.wixsite.com/my-site,0,0,1,0,0,0,0,1,1,1,1,0,0,0,0
https://etelstrawebmail.wixsite.com/my-site,0,0,1,0,0,0,0,1,1,1,1,0,0,0,0
https://cox-webmail-2bb771.webflow.io/,0,0,0,0,0,0,1,0,4020,0,1,0,0,0,0
https://newdnts.webflow.io/,0,0,0,0,0,0,0,0,4020,0,1,0,0,0,0
https://nigwwnwhs.duckdns.org,0,0,0,0,0,0,0,0,1,1,1,1,1,1,1
https://wfwjhn.duckdns.org,0,0,0,0,0,0,0,0,1,1,1,1,1,1,1
https://rim3ootd.duckdns.org,0,0,0,0,0,0,0,0,1,1,1,1,1,1,1
https://m3dzk9.duckdns.org,0,0,0,0,0,0,0,0,1,1,1,1,1,1,1
https://p5joqqjw.duckdns.org,0,0,0,0,0,0,0,0,1,1,1,1,1,1,1
https://7ie7q2n5c.duckdns.org,0,0,0,0,0,0,0,0,1,1,1,1,1,1,1
https://94iinid63.duckdns.org,0,0,0,0,0,0,0,0,1,1,1,1,1,1,1
https://r3ul9hugr.duckdns.org,0,0,0,0,0,0,0,0,1,1,1,1,1,1,1
https://et6or7.duckdns.org,0,0,0,0,0,0,0,0,1,1,1,1,1,1,1
https://bf1h7hdvp.duckdns.org,0,0,0,0,0,0,0,0,1,1,1,1,1,1,1
https://tfmo8f76y.duckdns.org,0,0,0,0,0,0,0,0,1,1,1,1,1,1,1
https://pb5liiq.duckdns.org,0,0,0,0,0,0,0,0,1,1,1,1,1,1,1
https://g91y8qf.duckdns.org,0,0,0,0,0,0,0,0,1,1,1,1,1,1,1
https://kxhr3u2.duckdns.org,0,0,0,0,0,0,0,0,1,1,1,1,1,1,1
https://unby4ekgd.duckdns.org,0,0,0,0,0,0,0,0,1,1,1,1,1,1,1
https://dpgibom9.duckdns.org,0,0,0,0,0,0,0,0,1,1,1,1,1,1,1
https://y54vxm8p.duckdns.org,0,0,0,0,0,0,0,0,1,1,1,1,1,1,1
https://yjgnpzv.duckdns.org,0,0,0,0,0,0,0,0,1,1,1,1,1,1,1
https://snlsx97cu.duckdns.org,0,0,0,0,0,0,0,0,1,1,1,1,1,1,1
https://stnniel.duckdns.org,0,0,0,0,0,0,0,0,1,1,1,1,1,1,1
https://4b711gjlm.duckdns.org,0,0,0,0,0,0,0,0,1,1,1,1,1,1,1
https://99fvic.duckdns.org,0,0,0,0,0,0,0,0,1,1,1,1,1,1,1
https://bfcw92us.duckdns.org,0,0,0,0,0,0,0,0,1,1,1,1,1,1,1
https://rqfhz9l.duckdns.org,0,0,0,0,0,0,0,0,1,1,1,1,1,1,1
https://35iel92.duckdns.org,0,0,0,0,0,0,0,0,1,1,1,1,1,1,1
https://fozafh.duckdns.org,0,0,0,0,0,0,0,0,1,1,1,1,1,1,1
https://7ye9wt8ro.duckdns.org,0,0,0,0,0,0,0,0,1,1,1,1,1,1,1
https://wlcrnut.duckdns.org,0,0,0,0,0,0,0,0,1,1,1,1,1,1,1
https://vnn0gyb.duckdns.org,0,0,0,0,0,0,0,0,1,1,1,1,1,1,1
https://owrv0l5la.duckdns.org,0,0,0,0,0,0,0,0,1,1,1,1,1,1,1
https://1dkt9qmd.duckdns.org,0,0,0,0,0,0,0,0,1,1,1,1,1,1,1
http://nljyuplhgc.duckdns.org,0,0,0,0,0,0,0,0,1,1,1,1,1,1,1
http://nljxtplhkf.duckdns.org,0,0,0,0,0,0,0,0,1,1,1,1,1,1,1
http://nljcyusoth.duckdns.org,0,0,0,0,0,0,0,0,1,1,1,1,1,1,1
http://nlcayuqmce.duckdns.org,0,0,0,0,0,0,0,0,1,1,1,1,1,1,1
http://nkocdiniac.duckdns.org,0,0,0,0,0,0,0,0,1,1,1,1,1,1,1
http://nkjgbymjno.duckdns.org,0,0,0,0,0,0,0,0,1,1,1,1,1,1,1
http://nkjytqnjnc.duckdns.org,0,0,0,0,0,0,0,0,1,1,1,1,1,1,1
https://dc0ko9fg.duckdns.org,0,0,0,0,0,0,0,0,1,1,1,1,1,1,1
http://pancakeswap-airdropclaim.vercel.app,0,0,0,0,0,0,1,0,1,1,1,0,0,0,0
https://pancakeswap-airdropclaim.vercel.app/,0,0,0,0,0,0,1,0,1,1,1,0,0,0,0
https://cert.opdatering.id.20-52-253-199.cprapid.com/brt/update.php,0,1,2,0,0,0,1,0,1820,0,4,1,1,1,1
http://pedrazzoliautos.com.ar/en06.html,0,0,1,0,0,0,0,0,3769,0,1,0,0,0,0
https://qrecodeeconsultscan.top/z/2/6/ISDUFHiudshfniDUFiu/verify?L3ovMi82Ly5DViUzQ3NQcTMwU0dFelNHbE9sU2N4YllJaSU1RTlZfGJPYiU3RHxKJTYwd3NNTSU1RTNZYXFuNnwsaGR1UWFCVVUlNUVYJTdCMzc1VUxdXWRbVExDRnwoVEklN0JFaUtEW052aE9YWFZscmFPLmokMW8tUHx0ayQlN0I3dyU1RXAsTVA3W2Z8UlRQJTdEciU3RCUzQ1AoJTdCak4yT2JDTng4KkVyTmRGemxSUUQuWyhFUHVbLTBbJENiW3haNSU1RVh8Ml1kNXJBfnxCJnFYZDNiXTAsJTVFfihNYyolN0Q5YWhIeEldQSpqNGRXLDRkJTNDRm9weFpdUjklM0VBJTVFRVpyJTNDJTVFZyUzRUI2NltPb24wOSZqNXc1KHRbaXhjWWNZenUlNjAlNUVXL0lTRFVGSGl1ZHNoZm5pRFVGaXUvdmVyaWZ5Py5DViUzQ3NQcTMwU0dFelNHbE9sU2N4YllJaV45WXxiT2J9fEpgd3NNTV4zWWFxbjZ8LGhkdVFhQlVVXlh7Mzc1VUxdXWRbVExDRnwoVEl7RWlLRFtOdmhPWFhWbHJhTy5qJDFvLVB8dGskezd3XnAsTVA3W2Z8UlRQfXJ9JTNDUCh7ak4yT2JDTng4KkVyTmRGemxSUUQuWyhFUHVbLTBbJENiW3haNV5YfDJdZDVyQX58QiZxWGQzYl0wLF5+KE1jKn05YWhIeEldQSpqNGRXLDRkJTNDRm9weFpdUjklM0VBXkVaciUzQ15nJTNFQjY2W09vbjA5Jmo1dzUodFtpeGNZY1l6dWBeVy4=hoM2PLRn-LpGS-h7go-0k5s-9QzlhSOMXusF_LQrsNKogz65eptZf7TkUvJcWawiYR12qX4EB8jhGyx0SDAFlbPzT8xqE0l1LMuie2UpDIhONRXjsyCKVfmrJkP36co5A7dnZtQwgyEtzLeT6CKUxYdWI7MkirH9Vq8f1Rvjb4B5wXmghp3uDnJQAFP&amp;status=putuser,0,1,5,0,0,0,0,0,13,0,1,1,1,1,1
https://shorturl.at/eoqwS,0,0,1,0,0,0,0,0,1,1,1,1,1,1,1
https://account-review-halp.github.io/fb-policy/,0,0,1,0,0,0,1,0,1,1,1,0,0,0,0
https://64lobs.duckdns.org/,0,0,0,0,0,0,0,0,1,1,1,1,1,1,1
https://fir0nsjn5.duckdns.org/,0,0,0,0,0,0,0,0,1,1,1,1,1,1,1
https://3s64mv.duckdns.org/,0,0,0,0,0,0,0,0,1,1,1,1,1,1,1
https://19otgqset.duckdns.org/,0,0,0,0,0,0,0,0,1,1,1,1,1,1,1
https://3r1qmre.duckdns.org/,0,0,0,0,0,0,0,0,1,1,1,1,1,1,1
https://mjy6a9.duckdns.org/,0,0,0,0,0,0,0,0,1,1,1,1,1,1,1
https://i8r9otujn.duckdns.org/,0,0,0,0,0,0,0,0,1,1,1,1,1,1,1
https://kxv1iaj0.duckdns.org/,0,0,0,0,0,0,0,0,1,1,1,1,1,1,1
https://2w85qm.duckdns.org/,0,0,0,0,0,0,0,0,1,1,1,1,1,1,1
https://z7i2vx.duckdns.org/,0,0,0,0,0,0,0,0,1,1,1,1,1,1,1
https://3k87ni6uc.duckdns.org/,0,0,0,0,0,0,0,0,1,1,1,1,1,1,1
https://as88ooh.duckdns.org/,0,0,0,0,0,0,0,0,1,1,1,1,1,1,1
https://imqh8rw.duckdns.org/,0,0,0,0,0,0,0,0,1,1,1,1,1,1,1
https://kphke5gc.duckdns.org/,0,0,0,0,0,0,0,0,1,1,1,1,1,1,1
https://zhvtn29.duckdns.org/,0,0,0,0,0,0,0,0,1,1,1,1,1,1,1
https://2g7p6t.duckdns.org/,0,0,0,0,0,0,0,0,1,1,1,1,1,1,1
https://d9jhin3.duckdns.org/,0,0,0,0,0,0,0,0,1,1,1,1,1,1,1
https://2i8s8p.duckdns.org/,0,0,0,0,0,0,0,0,1,1,1,1,1,1,1
https://akutg3x.duckdns.org/,0,0,0,0,0,0,0,0,1,1,1,1,1,1,1
https://pc5twk.duckdns.org/,0,0,0,0,0,0,0,0,1,1,1,1,1,1,1
https://097vze3a.duckdns.org/,0,0,0,0,0,0,0,0,1,1,1,1,1,1,1
https://a9uru1r3.duckdns.org/,0,0,0,0,0,0,0,0,1,1,1,1,1,1,1
https://35i5qpc6m.duckdns.org/,0,0,0,0,0,0,0,0,1,1,1,1,1,1,1
https://zyblpc8.duckdns.org/,0,0,0,0,0,0,0,0,1,1,1,1,1,1,1
https://tudxwvr0u.duckdns.org/,0,0,0,0,0,0,0,0,1,1,1,1,1,1,1
https://vdz6k16.duckdns.org/,0,0,0,0,0,0,0,0,1,1,1,1,1,1,1
https://dr8so5l.duckdns.org/,0,0,0,0,0,0,0,0,1,1,1,1,1,1,1
https://hutcjhrjj.duckdns.org/,0,0,0,0,0,0,0,0,1,1,1,1,1,1,1
https://424hm26.duckdns.org/,0,0,0,0,0,0,0,0,1,1,1,1,1,1,1
https://lyjhcgi.duckdns.org/,0,0,0,0,0,0,0,0,1,1,1,1,1,1,1
https://tzysyl.duckdns.org/,0,0,0,0,0,0,0,0,1,1,1,1,1,1,1
https://byp4c4id0.duckdns.org/,0,0,0,0,0,0,0,0,1,1,1,1,1,1,1
https://58rr0wi9h.duckdns.org/,0,0,0,0,0,0,0,0,1,1,1,1,1,1,1
https://desembolsoinmediato-aplicaenlinea.top/,0,0,0,0,0,0,1,0,11,0,1,0,0,0,0
https://aeon.jp.naijazip.com/Aaeoncojpcb1E,0,0,1,0,0,0,0,0,169,0,2,1,1,1,1
https://aeon.jp.xidigtel.com/Aaeoncojpcb1E,0,0,1,0,0,0,0,0,169,0,2,1,1,1,1
https://aeon.jp.medflavor.com/Aaeoncojpcb1E,0,0,1,0,0,0,0,0,169,0,2,1,1,1,1
https://aeon.jp.svetle.com/Aaeoncojpcb1E,0,0,1,0,0,0,0,0,170,0,2,1,1,1,1
https://aeon.jp.pymeteca.com/Aaeoncojpcb1E,0,0,1,0,0,0,0,0,170,0,2,1,1,1,1
https://aeon.jp.concernua.com/Aaeoncojpcb1E,0,0,1,0,0,0,0,0,170,0,2,1,1,1,1
https://aeon.jp.pootato.com/Aaeoncojpcb1E,0,0,1,0,0,0,0,0,169,0,2,1,1,1,1
https://aeon.jp.cityoro.com/Aaeoncojpcb1E,0,0,1,0,0,0,0,0,169,0,2,1,1,1,1
https://node-generated.pages.dev/xet/,0,0,1,0,0,0,1,0,1,1,1,0,0,0,0
https://azerothwow.com,0,0,0,0,0,0,0,0,315,1,1,1,1,1,1
https://mazlomane.com,0,0,0,0,0,0,0,0,315,1,1,1,1,1,1
https://bibboobs.com,0,0,0,0,0,0,0,0,287,1,1,1,1,1,1
https://deweisinuo.com,0,0,0,0,0,0,0,0,320,1,1,1,1,1,1
https://tintenfabrik.com,0,0,0,0,0,0,0,0,231,0,1,1,1,1,1
https://zunjianggz.com,0,0,0,0,0,0,0,0,320,1,1,1,1,1,1
https://qinqiwang.com,0,0,0,0,0,0,0,0,319,1,1,1,1,1,1
https://zt7phd.com,0,0,0,0,0,0,0,0,340,1,1,1,1,1,1
https://thedeun.com,0,0,0,0,0,0,0,0,318,1,1,1,1,1,1
https://yushengzixun.com,0,0,0,0,0,0,0,0,321,1,1,1,1,1,1
https://shuangcenggaosu.com,0,0,0,0,0,0,0,0,238,0,1,1,1,1,1
https://serenityhomesfm.com,0,0,0,0,0,0,0,0,319,1,1,1,1,1,1
https://arsectionuspsa.com,0,0,0,0,0,0,0,0,229,0,1,1,1,1,1
https://loyz7f.com,0,0,0,0,0,0,0,0,340,1,1,1,1,1,1
https://cjoiner.com,0,0,0,0,0,0,0,0,287,1,1,1,1,1,1
https://bobleslie.com,0,0,0,0,0,0,0,0,257,0,1,1,1,1,1
https://pizazzusa.com,0,0,0,0,0,0,0,0,305,1,1,1,1,1,1
https://hhzzwl.com,0,0,0,0,0,0,0,0,644,1,1,1,1,1,1
https://qlofeidecor.com,0,0,0,0,0,0,0,0,274,0,1,1,1,1,1
https://nfprop.com,0,0,0,0,0,0,0,0,305,1,1,1,1,1,1
https://byjac.com,0,0,0,0,0,0,0,0,287,1,1,1,1,1,1
https://tuolit.com,0,0,0,0,0,1,0,0,257,0,1,1,1,1,1
https://tcmath.com,0,0,0,0,0,0,0,0,305,1,1,1,1,1,1
https://liecus.com,0,0,0,0,0,0,0,0,305,1,1,1,1,1,1
https://www.se-in-op-vpadmin.net,0,0,0,0,0,0,1,0,32,0,1,1,1,1,1
https://docs.google.com/presentation/d/e/2PACX-1vQheJCkRFgvzPSetmxUt7-Fm47r1t7Lwv8c2Su80oGBUYUhgtfzKhYzHc29K9DTjFqXuuqxlZX0350Z/pub?start=false&loop=false&delayms=3000,0,1,5,0,0,0,0,0,9734,0,1,0,0,0,0
https://mifcu.me/CentrisCU,0,0,1,0,0,0,0,0,14,0,1,1,1,1,1
https://2j4x0uznb.duckdns.org,0,0,0,0,0,0,0,0,1,1,1,1,1,1,1
https://access-curerently.square.site/,0,0,0,0,0,0,1,0,1921,1,1,0,0,0,0
https://5qhitw9q.duckdns.org,0,0,0,0,0,0,0,0,1,1,1,1,1,1,1
https://jlsmithson.com,0,0,0,0,0,0,0,0,287,1,1,1,1,1,1
https://4egrxlo.duckdns.org,0,0,0,0,0,0,0,0,1,1,1,1,1,1,1
https://jaijsivdejutiwinners.russet.workers.dev/,0,0,0,0,0,0,0,0,1,1,2,0,0,0,0
https://inidej93ndind.vercel.app/,0,0,0,0,0,0,0,0,1,1,1,0,0,0,0
https://pub-8e7157b0700244e6ade8ab30856d76fe.r2.dev/unfg25.html,0,1,1,0,0,0,1,0,626,0,1,0,0,0,0
https://application-00.vercel.app/,0,0,0,0,0,0,1,0,1,1,1,0,0,0,0
https://revalid.square.site/,0,0,0,0,0,0,0,0,1921,1,1,0,0,0,0
https://softmainnserveerr.weebly.com/,0,0,0,0,0,0,0,0,6617,0,1,0,0,0,0
https://pub-6a6fddaf65084af2a8f4050fda9c9a89.r2.dev/index.html,0,1,1,0,0,0,1,0,626,0,1,0,0,0,0
https://www.steamworkshopfile.com/,0,0,0,0,0,0,0,0,125,0,1,1,1,1,1
https://7dbc277f-d023-49b3-8da2-e441a68b7c39-00-c6ho5jit81dv.kirk.replit.dev/,0,1,0,0,0,0,1,0,1200,0,2,0,0,0,0
https://hedyv.pages.dev/,0,0,0,0,0,0,0,0,1,1,1,0,0,0,0
https://wizink.app-cartoespt.site/login.php,0,0,1,0,0,0,1,0,17,0,1,1,1,1,1
http://cgd-p.com/,0,0,0,0,0,0,1,0,14,0,1,1,1,1,1
http://ctt-pt-of.top/,0,0,0,0,0,0,1,0,69,0,1,1,1,1,1
https://cm6uda.com,0,0,0,0,0,0,0,0,340,1,1,1,1,1,1
https://pkhuolong.com,0,0,0,0,0,0,0,0,350,1,1,1,1,1,1
https://pub-2e86082d752843969e1c4572009c2ad7.r2.dev/alert.html,0,1,1,0,0,0,1,0,626,0,1,0,0,0,0
https://new-surpot.webflow.io/,0,0,0,0,0,0,1,0,4020,0,1,0,0,0,0
https://adelsogutma.com/pantalla.html,0,0,1,0,0,0,0,0,389,0,1,0,0,0,0
https://docs.google.com/presentation/d/e/2PACX-1vQDD8Be8ckYuq5exR_wNSH8HNpIjbYFx0BunKAmapzkS18IjJJsk5vyrWXKaT-Yp_JKgaVxi3fgpSoq/pub?start=false&amp;loop=false&amp;delayms=3000,0,1,5,0,0,0,0,0,9734,0,1,0,0,0,0
https://loginaccount15.wixsite.com/my-site-1,0,0,1,0,0,0,0,1,1,1,1,0,0,0,0
https://signiatdynamat.weebly.com/,0,0,0,0,0,0,0,0,6617,0,1,0,0,0,0
https://mailingma.com,0,0,0,0,0,0,0,0,315,1,1,1,1,1,1
https://valida-produbnco.webcindario.com/,0,0,0,0,0,0,1,0,8472,0,1,0,0,0,0
https://pub-9341ff82d1a348098fa30798130bb4d6.r2.dev/index.html,0,1,1,0,0,0,1,0,626,0,1,1,0,0,0
https://cherry20785426mainnewuodate.brizy.site/,0,0,0,0,0,0,0,0,2240,0,1,0,0,0,0
https://yhiiang.wixsite.com/my-site-1,0,0,1,0,0,0,0,1,1,1,1,0,0,0,0
https://deactivatedarrowheadfcu.help/a/s/a/session_index,0,0,4,0,0,0,0,0,1,1,1,1,1,1,1
https://knasiejhbd738.vercel.app/,0,0,0,0,0,0,0,0,1,1,1,0,0,0,0
https://pub-31f33bab9232408592e62b34b5cead93.r2.dev/CVHGSHJSKSHGHSYGHjhgafgsfytseygud.html,0,1,1,0,0,0,1,0,626,0,1,0,0,0,0
https://coinwebdappresolve.pages.dev/app/,0,0,1,0,0,0,0,0,1,1,1,1,1,1,1
https://dai-makerda0.github.io/connect.html,0,0,1,0,0,0,1,0,1,1,1,0,0,0,0
https://pfbid0hecxzdghajjktlqyypwbuurpgynu6n7ojnelemoqtlnotifid.my.id,0,1,0,0,0,0,0,0,27,0,1,1,1,1,1
https://mangresing.my.id/jomanres1/jomanres2/,0,0,2,0,0,0,0,0,55,0,1,1,1,1,1
https://twint-id.com/in/auth/info.php,0,0,3,0,0,0,1,0,13,0,1,1,1,1,1
https://eru.feb.mybluehost.me/servise/post/lang.php,0,0,3,0,0,0,0,0,2773,0,2,0,0,0,0
https://fkaraniwsay.tempurl.host/wp-content/themes/VisecONE/,0,0,3,0,0,0,0,0,1,1,1,1,1,1,1
https://restorfect.ca/icon,0,0,1,0,0,0,0,0,3728,0,1,0,0,0,0
https://restorfect.ca/icon/,0,0,1,0,0,0,0,0,3728,0,1,0,0,0,0
https://tumundoweb.co/images/,0,0,1,0,0,0,0,0,704,1,1,1,1,1,1
https://requestautsoapi38883245.my.id/business/id=a7823478087810/login2%20.php,0,1,3,0,0,0,0,0,10,0,1,1,1,1,1
https://removequick.github.io/account-issue-0/submit.html,0,0,2,0,0,0,0,0,1,1,1,0,0,0,0
https://dhl.3204.thebagshelf.com/home/3840875?page=157,0,0,2,0,0,0,0,0,1872,0,2,0,0,0,0
https://rheuz-schmiel-roiaz.yolasite.com,0,0,0,0,0,0,1,1,1,1,1,0,0,0,0
https://ihs.nsm.mybluehost.me/team/CH/TM86/home.php,0,0,4,0,0,0,0,0,2773,0,2,0,0,0,0
https://loja.grupoforteoficial.com.br/wp-content/,0,0,1,0,0,0,0,0,1235,0,1,0,0,0,0
https://graph-transparencymeta.my.id/author/,0,0,1,0,0,0,1,0,23,0,1,1,1,1,1
https://ihs.nsm.mybluehost.me/team/CH/,0,0,2,0,0,0,0,0,2773,0,2,0,0,0,0
https://technologia-bytechmarket.com/rola/soral.html,0,0,2,0,0,1,1,0,70,0,1,1,1,1,1
https://twintverify.com/redeem/28357828/?src,0,0,2,0,0,0,0,0,69,0,1,0,0,0,0
https://connectingfamilies.alestrasol.com/wp-content/twintdeal.html,0,1,2,0,0,0,0,0,784,0,1,0,0,0,0
http://requestautsoapi38883245.my.id/business/id=a7823478087810/,0,1,2,0,0,0,0,0,10,0,1,1,1,1,1
https://greatempirecarrentals.com/wap/zaor.html,0,0,2,0,0,0,0,0,484,0,1,1,1,1,1
http://glowchef.worldavenue.pt/,0,0,0,0,0,0,0,0,1,1,1,0,0,0,0
https://scanretail.co.bw/Sbb/SBB/index/,0,0,3,0,0,0,0,0,669,1,1,0,0,0,0
https://uqb.grr.temporary.site/kosi/travld/support/,0,0,3,0,0,0,0,0,280,1,2,0,0,0,0
https://sunrise-ch-mail-ns03137n715847.codeanyapp.com/CH/76caa/,0,1,2,0,0,0,1,0,2867,1,1,1,1,1,1
https://swisconn-dashboardbetrag-cotroneocelinia940833.codeanyapp.com/7WINA/?pwd=SWIZ,0,1,1,0,0,0,1,0,2867,1,1,1,1,1,1
https://woodencrane.com/index1.php,0,0,1,0,0,0,0,0,624,0,1,0,0,0,0
https://docs.google.com/presentation/d/e/2PACX-1vTR_rkR5xjyU4E15J2e0fI72wDWUX5PwDUrPbwKgaIuXUJ3I9yzZpfrVMGSRCe8EHVErPhjENhiXfuD/pub?start=false&amp;loop=false&amp;delayms=3000&amp;slide=id.p,0,1,5,0,0,0,0,0,9734,0,1,0,0,0,0
https://goodlife204.s3.us-east-005.backblazeb2.com/ys4204.html,0,1,1,0,0,0,1,0,2857,1,3,0,0,0,0
https://docs.google.com/presentation/d/e/2PACX-1vTdh2VN7b4sS7FkK07g_OZxHrrV22VTOEypo2GB6Pkv9JuuoyapKInSPZ-mQiUbHSqzOloAILDbYPbj/pub?start=true&amp;loop=false&amp;delayms=3000,0,1,5,0,0,0,0,0,9734,0,1,0,0,0,0
https://docs.google.com/presentation/d/e/2PACX-1vSufTAwaQikBguo_5G9GclqfZ6WxrFZu2yu_7hJYdlX3K3Tb2h19zVTdLcgFck_kAQaIiHpTzx7AOAN/pub?start=false&amp;loop=false&amp;delayms=3000,0,1,5,0,0,0,0,0,9734,0,1,0,0,0,0
https://www.cakeresume.com/s--hmlWtyEsnyP3mJHPgO1r3A--/snet,0,0,2,0,0,0,0,0,3992,0,1,0,0,0,0
https://att-108787-100015.weeblysite.com/,0,0,0,0,0,0,1,0,4160,0,1,0,0,0,0
https://new.express.adobe.com/webpage/d4KX8gRBFTWla,0,0,2,0,0,0,0,0,13689,0,2,0,0,0,0
https://my-site-109108-102503.square.site/,0,0,0,0,0,0,1,0,1921,1,1,0,0,0,0
https://linkby.tw/Yah.oo0,0,0,1,0,0,0,0,0,1365,0,1,0,0,0,0
https://docs.google.com/presentation/d/e/2PACX-1vQOxe3yFpByKqQ-vgRM8dQJGP1gKIs08ACotb0qhpW2ET8DI_w4KJdpvSRUHJqj_C8AakMDd_6mc2_6/pub?start=false&amp;loop=false&amp;delayms=3000,0,1,5,0,0,0,0,0,9734,0,1,0,0,0,0
https://www.cakeresume.com/at-t-297da4,0,0,1,0,0,0,0,0,3992,0,1,0,0,0,0
https://blmbews.pages.dev/connection-module/,0,0,1,0,0,0,0,0,1,1,1,1,1,1,1
https://walletconnect.nets-app.sbs/restore/explore/sync.html,0,0,3,0,0,0,1,0,41,0,1,1,1,1,1
http://entdexx.clicketcloud.com/rioverde.php/5oe244o2elo3l3o563?87025,0,1,2,0,0,0,0,1,1,1,1,0,0,0,0
https://robos-m.clicketcloud.com/?542482,0,0,0,0,0,0,1,1,1,1,1,0,0,0,0
https://entdexx.clicketcloud.com/rioverde.php/5oe244o2elo3l3o563?87025,0,1,2,0,0,0,0,1,1,1,1,0,0,0,0
https://robos-m.clicketcloud.com/?142255,0,0,0,0,0,0,1,1,1,1,1,0,0,0,0
https://decentralizedsync.com/connect/index.html,0,0,2,0,0,0,0,0,17,0,1,1,1,1,1
http://robos-m.clicketcloud.com/?87025,0,0,0,0,0,0,1,1,1,1,1,0,0,0,0
https://robos-m.clicketcloud.com/?87025,0,0,0,0,0,0,1,1,1,1,1,0,0,0,0
https://protocolrpcprovault.com/ennn/wallets.html,0,0,2,0,0,1,0,0,15,0,1,1,1,1,1
https://userprotocolsync.xyz/imp/index.html,0,0,2,0,0,0,0,0,14,0,1,1,1,1,1
http://tinyurl.com/2c9sms6v/?hash=m3u0v0@m3u0v0.com.br,1,0,1,0,0,1,0,0,8139,0,1,0,0,0,0
https://tinyurl.com/2c9sms6v/?hash=m3u0v0@m3u0v0.com.br,1,0,1,0,0,1,0,0,8139,0,1,0,0,0,0
https://in-informaalersuspen.github.io/userscomplain/suptunjang/multi.html,0,1,3,0,0,0,1,0,1,1,1,0,0,1,0
https://career-chnge.com/adsmaneger-setting/homes.html,0,0,2,0,0,0,1,1,1,1,1,1,1,1,1
https://career-chnge.com/update,0,0,1,0,0,0,1,1,1,1,1,1,1,1,1
https://docs.google.com/presentation/d/e/2PACX-1vTihG2NUeaBAace47vbMl08C13VJwRm7J2AMsEFIeM0iu9qviSbxwsuX85nxTchD6K1dcMR40ZfMuP5/pub?start=false&amp;loop=false&amp;delayms=3000,0,1,5,0,0,0,0,0,9734,0,1,0,0,0,0
https://caarrowcu.support/p/s/a/session_index.php,0,0,4,0,0,0,0,0,1,1,1,1,1,1,1
http://p10745n.vps-kinghost.net/contsnews2/?hash%3DyRR5xoTdyvoapnDHtGuI&amp;hash=gmail@gmail.com,1,1,1,0,0,0,1,0,1403,0,1,1,1,1,1
https://ecdulugc.wixsite.com/my-site,0,0,1,0,0,0,0,1,1,1,1,0,0,0,0
http://tinyurl.com/2yw8gxgv/?hash=m3u0v0@m3u0v0.com.br,1,0,1,0,0,1,0,0,8139,0,1,0,0,0,0
https://tinyurl.com/2yw8gxgv/?hash=m3u0v0@m3u0v0.com.br,1,0,1,0,0,1,0,0,8139,0,1,0,0,0,0
https://accountverifica2024.wixsite.com/my-site-11,0,0,1,0,0,0,0,1,1,1,1,0,0,0,0
https://webmail-validacao.hidora.com/validar/?INICIARVALIDACAO,0,1,1,0,0,0,1,1,1,1,1,0,0,0,0
https://magenta972508.studio.site/,0,0,0,0,0,0,0,0,1325,0,1,0,0,0,0
https://docs.google.com/presentation/d/e/2PACX-1vRl0Mnh6eLOao_L4A7BJ6elkjCQ8iPTC4es6l9oBRp5d0vzuhlmX_aVkWldZQVv5wnt1wowBnYODXjN/pub?start=true&amp;loop=true&amp;delayms=3000,0,1,5,0,0,0,0,0,9734,0,1,0,0,0,0
https://plum152101.studio.site/,0,0,0,0,0,0,0,0,1325,0,1,0,0,0,0
https://greenmaurine.wixsite.com/con0,0,0,1,0,0,0,0,1,1,1,1,0,0,0,0
https://att-107478953-109497.square.site/,0,0,0,0,0,0,1,0,1921,1,1,0,0,0,0
http://webmail-validacao.hidora.com/validar?INICIARVALIDACAO,0,0,1,0,0,0,1,1,1,1,1,0,0,0,0
http://webmail-validacao.hidora.com/validar/?INICIARVALIDACAO,0,1,1,0,0,0,1,1,1,1,1,0,0,0,0
https://webmail-validacao.hidora.com/validar?INICIARVALIDACAO,0,0,1,0,0,0,1,1,1,1,1,0,0,0,0
https://0987698098att.weeblysite.com/,0,0,0,0,0,0,0,0,4160,0,1,0,0,0,0
http://p10745n.vps-kinghost.net/contsnews2/?hash%3D?hash%3DaPXTpxcjBKKmlDmEvSHK&amp;=m3u0v0@m3u0v0.com.br,1,1,1,0,0,0,1,0,1403,0,1,1,1,1,1
https://ho-107423.weeblysite.com/,0,0,0,0,0,0,1,0,4160,0,1,0,0,0,0
http://tinyurl.com/28wcq2k4/?=m3u0v0@m3u0v0.com.br,1,0,1,0,0,1,0,0,8139,0,1,0,0,0,0
https://tinyurl.com/28wcq2k4/?=m3u0v0@m3u0v0.com.br,1,0,1,0,0,1,0,0,8139,0,1,0,0,0,0
https://10143517-no-reply-currentlyatt10143517.weebly.com/,0,0,0,0,0,0,1,0,6617,0,1,0,0,0,0
https://vandb4447.wixsite.com/my-site,0,0,1,0,0,0,0,1,1,1,1,0,0,0,0
https://ww-infow.webflow.io/,0,0,0,0,0,0,1,0,4020,0,1,0,0,0,0
https://swiftissuesfix.pages.dev/app/,0,0,1,0,0,0,0,0,1,1,1,1,1,1,1
https://t.co/mfSbG2852W,0,0,1,0,0,1,0,0,5128,0,1,1,1,1,1
https://hadahavit11.wixsite.com/my-site,0,0,1,0,0,0,0,1,1,1,1,0,0,0,0
https://start-enter.com/adsmaneger-setting/homes.html,0,0,2,0,0,0,1,1,1,1,1,1,1,1,1
https://start-enter.com/update,0,0,1,0,0,0,1,1,1,1,1,1,1,1,1
https://cloudmovement.online/d41d8cd98f00b204e9800998ecf8427e6631340bbc5f9LOGd41d8cd98f00b204e9800998ecf8427e6631340bbc5fa,0,1,1,0,0,0,0,0,50,0,1,1,1,1,1
https://www.luwjmx.com,0,0,0,0,0,1,0,0,353,1,1,1,1,1,1
https://activityissue-sa-information.web.app/,0,0,0,0,0,0,1,0,1,1,1,0,0,0,0
https://activityissue-sa-information.firebaseapp.com/,0,0,0,0,0,0,1,1,1,1,1,0,0,0,0
https://activityissue-tr-information.web.app/,0,0,0,0,0,0,1,0,1,1,1,0,0,0,0
https://activityissue-tr-information.firebaseapp.com/,0,0,0,0,0,0,1,1,1,1,1,0,0,0,0
https://actubnpffrteois.web.app/,0,0,0,0,0,0,0,0,1,1,1,0,0,0,0
https://actubnpffrteois.firebaseapp.com/,0,0,0,0,0,0,0,1,1,1,1,0,0,0,0
https://alhemites.web.app/,0,0,0,0,0,0,0,0,1,1,1,0,0,0,0
https://alhemites.firebaseapp.com/,0,0,0,0,0,0,0,1,1,1,1,0,0,0,0
https://astarinegbfr.web.app/,0,0,0,0,0,0,0,0,1,1,1,0,0,0,0
https://astarinegbfr.firebaseapp.com/,0,0,0,0,0,0,0,1,1,1,1,0,0,0,0
https://bancolombia-lr.web.app/,0,0,0,0,0,0,1,0,1,1,1,0,0,0,0
https://bancolombia-lr.firebaseapp.com/,0,0,0,0,0,0,1,1,1,1,1,0,0,0,0
https://bancolombia-zr.web.app/,0,0,0,0,0,0,1,0,1,1,1,0,0,0,0
https://bancolombia-zr.firebaseapp.com/,0,0,0,0,0,0,1,1,1,1,1,0,0,0,0
https://bbbivoa.web.app/,0,0,0,0,0,0,0,0,1,1,1,0,0,0,0
https://bbbivoa.firebaseapp.com/,0,0,0,0,0,0,0,1,1,1,1,0,0,0,0
https://biendstumule.web.app/,0,0,0,0,0,0,0,0,1,1,1,0,0,0,0
https://biendstumule.firebaseapp.com/,0,0,0,0,0,0,0,1,1,1,1,0,0,0,0
https://bov3d-login.web.app/,0,0,0,0,0,0,1,0,1,1,1,0,0,0,0
https://bov3d-login.firebaseapp.com/,0,0,0,0,0,0,1,1,1,1,1,0,0,0,0
https://capoules.web.app/,0,0,0,0,0,0,0,0,1,1,1,0,0,0,0
https://docs.google.com/presentation/d/e/2PACX-1vRvbVw8AYXkgxiuG2pkBUXr7izQoINOVT4_EnEZVJHyoTmplFQd9PrSHIk4Eu3vfvEjkM1mQ-L0pBKN/pub?start=false&amp;loop=false&amp;delayms=3000,0,1,5,0,0,0,0,0,9734,0,1,0,0,0,0
https://capoules.firebaseapp.com/,0,0,0,0,0,0,0,1,1,1,1,0,0,0,0
https://careeiduefde.web.app/,0,0,0,0,0,0,0,0,1,1,1,0,0,0,0
https://careeiduefde.firebaseapp.com/,0,0,0,0,0,0,0,1,1,1,1,0,0,0,0
https://chenebnp.web.app/,0,0,0,0,0,0,0,0,1,1,1,0,0,0,0
https://chenebnp.firebaseapp.com/,0,0,0,0,0,0,0,1,1,1,1,0,0,0,0
https://davescetlem.web.app/,0,0,0,0,0,0,0,0,1,1,1,0,0,0,0
https://davescetlem.firebaseapp.com/,0,0,0,0,0,0,0,1,1,1,1,0,0,0,0
https://dede-30e87.web.app/,0,0,0,0,0,0,1,0,1,1,1,0,0,0,0
https://dede-30e87.firebaseapp.com/,0,0,0,0,0,0,1,1,1,1,1,0,0,0,0
https://dormsho.web.app/,0,0,0,0,0,0,0,0,1,1,1,0,0,0,0
https://dormsho.firebaseapp.com/,0,0,0,0,0,0,0,1,1,1,1,0,0,0,0
https://emioupes.web.app/,0,0,0,0,0,0,0,0,1,1,1,0,0,0,0
https://emioupes.firebaseapp.com/,0,0,0,0,0,0,0,1,1,1,1,0,0,0,0
https://epistrofi-forou-app.web.app/,0,0,0,0,0,0,1,0,1,1,1,0,0,0,0
https://epistrofi-forou-app.firebaseapp.com/,0,0,0,0,0,0,1,1,1,1,1,0,0,0,0
https://etableshbnp.web.app/,0,0,0,0,0,0,0,0,1,1,1,0,0,0,0
https://etableshbnp.firebaseapp.com/,0,0,0,0,0,0,0,1,1,1,1,0,0,0,0
https://ewouldepese.web.app/,0,0,0,0,0,0,0,0,1,1,1,0,0,0,0
https://ewouldepese.firebaseapp.com/,0,0,0,0,0,0,0,1,1,1,1,0,0,0,0
https://fairplifnciaezrds.web.app/,0,0,0,0,0,0,0,0,1,1,1,0,0,0,0
https://fairplifnciaezrds.firebaseapp.com/,0,0,0,0,0,0,0,1,1,1,1,0,0,0,0
https://fed-gov.web.app/,0,0,0,0,0,0,1,0,1,1,1,0,0,0,0
https://fed-gov.firebaseapp.com/,0,0,0,0,0,0,1,1,1,1,1,0,0,0,0
https://finesubles.web.app/,0,0,0,0,0,0,0,0,1,1,1,0,0,0,0
https://espace-manage.org/SX/auth/info.php,0,0,3,0,0,0,1,0,15,0,1,1,1,1,1
https://finesubles.firebaseapp.com/,0,0,0,0,0,0,0,1,1,1,1,0,0,0,0
https://frist2dskbg.web.app/,0,0,0,0,0,0,0,0,1,1,1,0,0,0,0
https://frist2dskbg.firebaseapp.com/,0,0,0,0,0,0,0,1,1,1,1,0,0,0,0
https://gawhybnoc.web.app/,0,0,0,0,0,0,0,0,1,1,1,0,0,0,0
https://gawhybnoc.firebaseapp.com/,0,0,0,0,0,0,0,1,1,1,1,0,0,0,0
https://godissip.web.app/,0,0,0,0,0,0,0,0,1,1,1,0,0,0,0
https://godissip.firebaseapp.com/,0,0,0,0,0,0,0,1,1,1,1,0,0,0,0
https://htpbnp.web.app/,0,0,0,0,0,0,0,0,1,1,1,0,0,0,0
https://htpbnp.firebaseapp.com/,0,0,0,0,0,0,0,1,1,1,1,0,0,0,0
https://launchhelpdesk.web.app/,0,0,0,0,0,0,0,0,1,1,1,0,0,0,0
https://launchhelpdesk.firebaseapp.com/,0,0,0,0,0,0,0,1,1,1,1,0,0,0,0
https://logrcuorg.web.app/,0,0,0,0,0,0,0,0,1,1,1,0,0,0,0
https://logrcuorg.firebaseapp.com/,0,0,0,0,0,0,0,1,1,1,1,0,0,0,0
https://mainnetnode.web.app/,0,0,0,0,0,0,0,0,1,1,1,0,0,0,0
https://mainnetnode.firebaseapp.com/,0,0,0,0,0,0,0,1,1,1,1,0,0,0,0
https://multi-connectsystem.web.app/,0,0,0,0,0,0,1,0,1,1,1,0,0,0,0
https://sccup.ru/royal/,0,0,1,0,0,0,0,1,1,1,1,1,1,1,1
https://multi-connectsystem.firebaseapp.com/,0,0,0,0,0,0,1,1,1,1,1,0,0,0,0
https://multi-swiftcoin.web.app/,0,0,0,0,0,0,1,0,1,1,1,0,0,0,0
https://multi-swiftcoin.firebaseapp.com/,0,0,0,0,0,0,1,1,1,1,1,0,0,0,0
https://peelsan.web.app/,0,0,0,0,0,0,0,0,1,1,1,0,0,0,0
https://peelsan.firebaseapp.com/,0,0,0,0,0,0,0,1,1,1,1,0,0,0,0
https://poczta-ed6771.web.app/,0,0,0,0,0,0,1,0,1,1,1,0,0,0,0
https://poczta-ed6771.firebaseapp.com/,0,0,0,0,0,0,1,1,1,1,1,0,0,0,0
https://poczta-polska-ed677.web.app/,0,0,0,0,0,0,1,0,1,1,1,0,0,0,0
https://poczta-polska-ed677.firebaseapp.com/,0,0,0,0,0,0,1,1,1,1,1,0,0,0,0
https://ponbase.web.app/,0,0,0,0,0,0,0,0,1,1,1,0,0,0,0
https://ponbase.firebaseapp.com/,0,0,0,0,0,0,0,1,1,1,1,0,0,0,0
https://rcullc.web.app/,0,0,0,0,0,0,0,0,1,1,1,0,0,0,0
https://rcullc.firebaseapp.com/,0,0,0,0,0,0,0,1,1,1,1,0,0,0,0
https://review-access1.web.app/,0,0,0,0,0,0,1,0,1,1,1,0,0,0,0
https://review-access1.firebaseapp.com/,0,0,0,0,0,0,1,1,1,1,1,0,0,0,0
https://sendphpyoda.web.app/,0,0,0,0,0,0,0,0,1,1,1,0,0,0,0
https://sendphpyoda.firebaseapp.com/,0,0,0,0,0,0,0,1,1,1,1,0,0,0,0
https://sidhour.web.app/,0,0,0,0,0,0,0,0,1,1,1,0,0,0,0
https://sidhour.firebaseapp.com/,0,0,0,0,0,0,0,1,1,1,1,0,0,0,0
https://srdqsd797sd9fq.web.app/,0,0,0,0,0,0,0,0,1,1,1,0,0,0,0
https://srdqsd797sd9fq.firebaseapp.com/,0,0,0,0,0,0,0,1,1,1,1,0,0,0,0
https://swift-multiwallet.web.app/,0,0,0,0,0,0,1,0,1,1,1,0,0,0,0
https://swift-multiwallet.firebaseapp.com/,0,0,0,0,0,0,1,1,1,1,1,0,0,0,0
https://florerialasfrecias.com/configure/FFHR11i,0,0,2,0,0,0,0,0,7745,0,1,0,0,0,0
https://tele2-sv.web.app/,0,0,0,0,0,0,1,0,1,1,1,0,0,0,0
https://tele2-sv.firebaseapp.com/,0,0,0,0,0,0,1,1,1,1,1,0,0,0,0
https://u33733357.ct.sendgrid.net/ls/click?upn=u001.x5F1f-2BPOZbmUxHm9wyXNV9NtBVunOTbJJSXdHerAGs-2BsN34VY5w0otjkX9QRNvFHuWRQI-2BQ5p-2BgRBO0B7RiUJQ-3D-3DnILg_dIKwSgKE6IhWC-2B5zjm-2FTRJZuTy-2FH-2BO-2BUaNoTG7PC63gYoms-2FS-2FPD4ueeStLXuz0ypYSzW8FvdN3d9COcJWNLjXYmKTJUcNrApZ9yr3-2B93Gr0Y-2FRtLl6M4T1JaCtWeabL9bQQkLMK7phYy5fCeiWLNHBAZM7mzdud5SkQihuU4aPUzDpIDIL-2F2ll46xc6KH0DToKAcb-2Bridj5e8z6WY6l8dRCAW3zXIYg1H0wQ2PS8JM-3D,0,1,2,0,0,0,0,0,5499,0,2,0,0,0,0
https://vouisr.web.app/ca/index.html,0,0,2,0,0,0,0,0,1,1,1,0,0,0,0
https://vouisr.firebaseapp.com/ca/index.html,0,0,2,0,0,0,0,1,1,1,1,0,0,0,0
https://xn---nbg-erica-stop-lucja-jwr.web.app/,0,0,0,0,0,0,1,0,1,1,1,0,0,0,0
https://xn---nbg-erica-stop-lucja-jwr.firebaseapp.com/,0,0,0,0,0,0,1,1,1,1,1,0,0,0,0
https://zqunbvesui.web.app/,0,0,0,0,0,0,0,0,1,1,1,0,0,0,0
https://zqunbvesui.firebaseapp.com/,0,0,0,0,0,0,0,1,1,1,1,0,0,0,0
https://sc.link/vSHPU,0,0,1,0,0,0,0,0,1424,1,1,0,0,0,0
https://urlz.fr/qpmK,0,0,1,0,0,0,0,0,4745,0,1,0,0,0,0
https://espace-manage.org/SX,0,0,1,0,0,0,1,0,15,0,1,1,1,1,1
https://parg.co/UzCx,0,0,1,0,0,0,0,0,3388,0,1,0,0,0,0
https://90a4642b-e1db-448b-9b23-ac0265a6c358-00-143z57xz9d36m.picard.replit.dev/,0,1,0,0,0,0,1,0,1200,0,2,0,0,0,0
https://hnkinternational.co/sev/newantai/,0,0,2,0,0,0,0,0,360,1,1,0,0,0,0
https://urlz.fr/qmff,0,0,1,0,0,0,0,0,4745,0,1,0,0,0,0
https://vansome2.wixsite.com/my-site,0,0,1,0,0,0,0,1,1,1,1,0,0,0,0
https://allegrolokalnie.4y39p1d9c91.pl/oferta/345189ef-d5f2-4ec4-aa83-e8d5f904ed23,0,1,2,0,0,0,0,0,10,0,1,1,1,1,1
https://docs.google.com/presentation/d/e/2PACX-1vSL-7eDrriMHM0T4atGLkqS4Kc3Nv2HAFHvxi9TWd2jLKBm0J8BVmjyAukOYyd0-v4YEgIVknlBKY2h/pub?start=false&amp;loop=false&amp;delayms=3000,0,1,5,0,0,0,0,0,9734,0,1,0,0,0,0
http://extenctionchrome.mx,0,0,0,0,0,0,0,0,18,0,1,0,0,0,0
https://uuchilecl.weebly.com,0,0,0,0,0,0,0,0,6617,0,1,0,0,0,0
https://docs.google.com/presentation/d/e/2PACX-1vQXTfeUWFtIw3sOZsd85MvjQR7JwPjSLsrF-7Wojm68m-W6puOaTR_iwRgyyByp43IhPdeYrL_tDjfQ/pub?start=false&amp;loop=false&amp;delayms=3000,0,1,5,0,0,0,0,0,9734,0,1,0,0,0,0
https://uuchilecl.weebly.com/,0,0,0,0,0,0,0,0,6617,0,1,0,0,0,0
https://nw4326-8080.fc-us-0.pitcher.csb.app/,0,0,0,0,0,0,1,0,2194,0,3,0,0,0,0
https://navy-enchanted-naranja.glitch.me/onductontrol.html,0,0,1,0,0,0,1,0,1,1,1,0,0,0,0
https://cloudflare-ipfs.com/ipfs/bafkreibpg3zkylk3nyno2mfjf4jip65gwcfahopun5re42esha7i5qj67u,0,1,2,0,0,0,1,0,2172,0,1,0,0,0,0
https://pub-1592c2be7661400ba6f15b95e70c0068.r2.dev/nmkjgdsw.html,0,1,1,0,0,0,1,0,626,0,1,0,0,0,0
https://pub-6221f7664d6648718fc08de782664dd2.r2.dev/index.html,0,1,1,0,0,0,1,0,626,0,1,0,0,0,0
https://pub-8571d3bc1b9c4806bcb0949ad138f71e.r2.dev/ds1nt.htm,0,0,1,0,0,0,1,0,626,0,1,0,0,0,0
https://patient-moon-1e82.hisipip824.workers.dev/,0,0,0,0,0,0,1,0,1,1,2,0,0,0,0
https://ajdneidjkamdoe3.vercel.app/,0,0,0,0,0,0,0,0,1,1,1,0,0,0,0
https://rbasolution.com/ita/index.php,0,0,2,0,0,0,0,0,2111,1,1,0,0,0,0
https://www.onlinehighquot.x24hr.com/,0,0,0,0,0,0,0,0,8716,0,2,0,0,0,0
https://dev-zimberr.pantheonsite.io/z/,0,0,1,0,0,0,1,0,1,1,1,0,0,0,0
https://irsu.org/,0,0,0,0,0,0,0,0,12,0,1,1,1,1,1
https://dpd-pl.reopil.shop/sell/6f20081184bc,0,0,2,0,0,0,1,0,1,1,1,0,0,0,0
https://opencaassee10098654328.github.io/simplevrify/en/homes/,0,1,3,0,0,0,0,0,1,1,1,0,0,1,0
https://opencaassee10098654328.github.io/simplevrify/uploud/,0,0,2,0,0,0,0,0,1,1,1,0,0,1,0
https://attcoloredpageupdate.studio.site/,0,0,0,0,0,0,0,0,1325,0,1,0,0,0,0
https://a11egrolokalnie.5456322.xyz/d9wiyfto,0,0,1,0,0,0,0,0,10,0,1,1,1,1,1
https://pub-4129285e770f406b8d6a35560ebdfacc.r2.dev/index.html,0,1,1,0,0,0,1,0,626,0,1,0,0,0,0
https://www.bing.com/ck/a?!&&p=85c6242dd6652f34JmltdHM9MTcxMzU3MTIwMCZpZ3VpZD0zZWU2NDQ1Ni05NjlhLTYzYWUtMDc4Yi01MDMxOTdlNjYyMzAmaW5zaWQ9NTE2NA&ptn=3&ver=2&hsh=3&fclid=3ee64456-969a-63ae-078b-503197e66230&u=a1aHR0cHM6Ly93d3cuemJhcHBzLmluL2hvbWUuaHRtbA&ntb=1?verify=birdart@charter.net-06f204159369215d425560ff5e90240889df07dc,1,1,2,0,0,0,0,0,10329,0,1,0,0,0,0
http://njeuqkhccw.duckdns.org,0,0,0,0,0,0,0,0,1,1,1,1,1,1,1
https://aws-amplify.d1cn87zui3xnby.amplifyapp.com/,0,0,0,0,0,0,1,0,2215,0,2,1,1,1,1
https://verify-page-76554343.miracle-chain.com/business-service/,0,1,1,0,0,0,1,0,595,0,1,0,0,0,0
https://docs.google.com/presentation/d/e/2PACX-1vQWlHFdhXoF9qEktWydoAotGpcOAarGmCyBi9Uunh8NZrcFop8dpXwLPgKj-b_UF0lxzq4UiZXbz8Uz/pub?start=false&amp;loop=false&amp;delayms=3000,0,1,5,0,0,0,0,0,9734,0,1,0,0,0,0
https://swiftmultidexresolve.pages.dev/app/,0,0,1,0,0,0,0,0,1,1,1,0,0,0,0
http://swiftmultidexresolve.pages.dev/app,0,0,1,0,0,0,0,0,1,1,1,0,0,0,0
https://sialic.org/Simmonsbank/login.php,0,0,2,0,0,0,0,1,1,1,1,1,1,1,1
https://www.lcnsoluciones.com/dhthbwihhbw/,0,0,1,0,0,0,0,0,1970,0,1,0,0,0,0
https://www.lcnsoluciones.com/dhthbwihhbw,0,0,1,0,0,0,0,0,1970,0,1,0,0,0,0
https://sparkassen-agb-bestaetigung.de/,0,0,0,0,0,0,1,0,1,1,1,1,1,1,1
https://www.garantajaoseuaqui.online/BBDC4/home.php?hash=576730068663106a7684575.28173068,0,1,2,0,0,0,0,0,10,0,1,1,1,1,1
http://claim-pancakeswep.firebaseapp.com,0,0,0,0,0,0,1,1,1,1,1,0,0,0,0
https://claim-pancakeswep.firebaseapp.com/,0,0,0,0,0,0,1,1,1,1,1,0,0,0,0
https://bells0uth.webflow.io/,0,0,0,0,0,0,0,0,4020,0,1,0,0,0,0
https://validate-ionos-email-eidentifier.glitch.me/,0,0,0,0,0,0,1,0,1,1,1,0,0,0,0
http://usirs-welcome.xyz/718lSr?nns=dl2WhGUAlO,0,0,1,0,0,0,1,0,16,0,1,1,1,1,1
https://site.89437357.xyz/captcha,0,0,1,0,0,0,0,0,11,0,1,1,1,1,1
https://lojamesasecia.com/captcha,0,0,1,0,0,0,0,0,80,0,1,1,1,1,1
http://site.89437357.xyz/zyphtyhk,0,0,1,0,0,0,0,0,12,0,1,1,1,1,1
https://docs.google.com/presentation/d/e/2PACX-1vR0sXZBL23b350MvXWsaJKV7ZS7HZNe1XnjvjLVLi6EwASfKVxLp-VR4HPJ6VDxAphoafis2cKU1hht/pub?start=false&amp;loop=false&amp;delayms=3000,0,1,5,0,0,0,0,0,9735,0,1,0,0,0,0
https://jansangh.in/c/index.php,0,0,2,0,0,0,0,0,3460,0,1,0,0,0,0
https://bafybeihdswqxbjjxz7r3ox5bgjxr536jyrf34gt4hbl3z4b7e77rjmnrdy.ipfs.dweb.link/,0,1,0,0,0,0,0,0,2633,0,2,0,0,0,0
http://niuubhjsxa.duckdns.org,0,0,0,0,0,0,0,0,1,1,1,1,1,1,1
https://www.deanybeanisdead.com/,0,0,0,0,0,0,0,0,2424,0,1,1,1,1,1
https://vpassz.xu4nblog.com/,0,0,0,0,0,0,0,0,693,1,1,1,1,1,1
https://sbikycupdate-249.pages.dev,0,0,0,0,0,0,1,0,1,1,1,0,0,0,0
https://bio.site/webmailcogeco,0,0,1,0,0,0,0,0,1390,1,1,0,0,0,0
https://bafkreigzs4rsiycah67bagxr4kiyrdqkwrsrnzlhkvh6g7ec5ygnn4zlhq.ipfs.dweb.link/,0,1,0,0,0,0,0,0,2633,0,2,0,0,0,0
https://bafybeieiredd3bd22qq745hk4mjytq7gchttz24svihedc64lebg2xvlvu.ipfs.dweb.link/,0,1,0,0,0,0,0,0,2633,0,2,0,0,0,0
https://bafybeidhnz62l3ceftgwp7c4m4nj757xvfbz7leu7jidg2kmkfrj46su3y.ipfs.dweb.link/,0,1,0,0,0,0,0,0,2633,0,2,0,0,0,0
https://app.donorview.com/Communication/Click?prm=uEvQjbLyROfQy1XICroxZgnn6zkK-jxszv3c-V7QVTzbyWCRnwEo72rfjdFLOn6LD-AbzGoObSWvJEDMZH3l_sAl_z1NUhFuXl1zt3juOmIcN_J3w3rrSbzKkTErDNu48wmAjuOwMWYFji5HSlNfrNvlQzfcdYndFW3XpMVPR1ahJlmQEYNAysRt4-YWnhMQPXKbA4Diq5MECXxH0hT8_be4LADzMz-s1ZJP8a9qn301&target=https://cloudflare-ipfs.com/ipfs//QmWGTwio9VrNwFEezHjAE9TH1UNzUffZNaGqfayEZFt1jd?filename=guyleaceamasurebpycallmerazi.html#Z29vZ2xlQGdvb2dsZS5jb20=,0,1,2,1,0,0,0,0,1,1,1,1,0,1,0
https://cloudflare-ipfs.com/ipfs/QmWGTwio9VrNwFEezHjAE9TH1UNzUffZNaGqfayEZFt1jd?filename=guyleaceamasurebpycallmerazi.html,0,1,2,0,0,0,1,0,2173,0,1,1,0,1,0
https://vu78tst73863ut766675456576ye7.pages.dev/,0,0,0,0,0,0,0,0,1,1,1,1,0,0,0
http://vu78tst73863ut766675456576ye7.pages.dev,0,0,0,0,0,0,0,0,1,1,1,1,0,0,0
http://hibd87t.pages.dev,0,0,0,0,0,0,0,0,1,1,1,1,0,0,0
https://hibd87t.pages.dev/,0,0,0,0,0,0,0,0,1,1,1,1,0,0,0
https://fb-teamcentres.vercel.app/team/119435650670553/,0,0,2,0,0,0,1,0,1,1,1,0,0,0,0
https://docs.google.com/presentation/d/e/2PACX-1vSRmcHzq9Eh6mmqbZAVttNbUqw6QOf-N720czkVJpHfUfiemF-o9pwQIil1E_aIriUJE7rf-3GLva6b/pub?start=false&loop=false&delayms=3000,0,1,5,0,0,0,0,0,9735,0,1,0,0,0,0
https://docs.google.com/presentation/d/e/2PACX-1vSIxDU1tTMVw4r_B6tS_hoTtuc4IGTknKOUKbY-FokMFc9EkHn9XMbKpCoBG33KWg0lhsSFWoiCbQ0D/pub?start=false&amp;loop=false&amp;delayms=3000,0,1,5,0,0,0,0,0,9735,0,1,0,0,0,0
https://docs.google.com/presentation/d/e/2PACX-1vRzCz0nEd0hRyu3Yr1tr_f5_Fy_YgpikDpBRKC9DnH2F4iVRLUlheYaDe7c5sCZ9mN1H6IxsYkqzDOD/pub?start=false&loop=false&delayms=3000,0,1,5,0,0,0,0,0,9735,0,1,0,0,0,0
https://166.226.205.92.host.secureserver.net/meine-swisccom9877921/,0,1,1,0,0,0,0,0,9539,0,5,1,1,1,1
https://home-1086082221.weeblysite.com/,0,0,0,0,0,0,1,0,4161,0,1,0,0,0,0
https://steamcomunlty.com/,0,0,0,0,0,0,0,0,12,0,1,0,0,0,0
https://steamworkshopfile.com/,0,0,0,0,0,0,0,0,126,0,1,1,1,1,1
https://cz82677.tw1.ru/sg/,0,0,1,0,0,0,0,1,1,1,1,1,1,1,1
https://activation-sg-mobile.clicpartners.click/sg/,0,0,1,0,0,0,1,0,13,0,1,1,1,1,1
https://udc.loggin.workers.dev/,0,0,0,0,0,0,0,0,1,1,2,1,1,1,1
https://centriesbeyondus.chancellor-wfsch.workers.dev/,0,0,0,0,0,0,1,0,1,1,2,0,0,0,0
https://dh2itd.ktt55.my.id/,0,0,0,0,0,0,0,0,233,0,1,0,0,0,0
https://bbsjs.ktt55.my.id/,0,0,0,0,0,0,0,0,233,0,1,0,0,0,0
https://60ef5fd479.nxcli.io/wp-includes/images/media/DHL/?token=,0,1,4,0,0,0,0,0,2348,0,1,0,0,0,0
https://yfx.ujd.mybluehost.me/parc/au/aupost/track/cc.php,0,0,5,0,0,0,0,0,2774,0,2,0,0,0,0
https://20-52-253-199.cprapid.com/brt/update.php?%2737d348cb1b0e07409c275904db145e40e9391b19%27,0,1,2,0,0,0,1,0,1821,0,1,1,1,1,1
https://telegram.webtctg.club/,0,0,0,0,0,0,0,0,15,0,1,1,1,1,1
https://teiegeram-pa.com/,0,0,0,0,0,0,1,0,14,0,1,0,0,0,0
https://kumpulan-melayu-viral-2024.group-telegram.my.id/main.php,0,1,1,0,0,0,1,0,49,0,1,0,0,0,0
https://407e818c-086f-4a36-b2ac-bd8d354f1568.random.gga500.duckdns.org/,0,1,0,0,0,0,1,0,1,1,3,1,1,1,1
https://tg.ygerlach.de/,0,0,0,0,0,0,0,0,1,1,1,0,0,0,0
http://tg.ygerlach.de/,0,0,0,0,0,0,0,0,1,1,1,0,0,0,0
http://telegpcram.vip,0,0,0,0,0,0,0,0,22,0,1,1,1,1,1
https://telegram-wf.com/,0,0,0,0,0,0,1,0,11,0,1,1,1,1,1
https://teiegrom-w.com/,0,0,0,0,0,0,1,0,80,0,1,0,0,0,0
https://teiegrom-e.com/,0,0,0,0,0,0,1,0,80,0,1,1,1,1,1
https://teiegrom-a.com/,0,0,0,0,0,0,1,0,80,0,1,1,1,1,1
https://teiegram-co.com/,0,0,0,0,0,0,1,0,12,0,1,1,1,1,1
https://teiegeram-pau.com/,0,0,0,0,0,0,1,0,13,0,1,1,1,1,1
https://surl.li/thpmd,0,0,1,0,0,0,0,0,1,1,1,0,0,0,0
https://surl.li/tgcse,0,0,1,0,0,0,0,0,1,1,1,0,0,0,0
https://alist.imkm.workers.dev/,0,0,0,0,0,0,0,0,1,1,2,0,0,0,0
https://andreboudreaultt.wixsite.com/my-site,0,0,1,0,0,0,0,1,1,1,1,0,0,0,0
https://bafybeidqyxofstbrczgx75m6npxhlxzkjkazmvwx6wvbstkjzfxc6dnofe.ipfs.fleek.cool/,0,1,0,0,0,0,0,0,1146,0,2,1,0,0,0
http://hmgdhovlcr.pages.dev,0,0,0,0,0,0,0,0,1,1,1,0,0,0,0
https://hmgdhovlcr.pages.dev/,0,0,0,0,0,0,0,0,1,1,1,0,0,0,0
http://blwdj.pages.dev,0,0,0,0,0,0,0,0,1,1,1,0,0,0,0
https://blwdj.pages.dev/,0,0,0,0,0,0,0,0,1,1,1,0,0,0,0
http://santander-app.es.swtest.ru/es/login.php,0,0,2,0,0,0,1,0,3802,0,2,0,0,0,0
https://accuratewave.com/NET/head/PAYU/pag2.html,0,0,4,0,0,0,0,0,681,0,1,0,0,0,0
https://zpr.io/Dgm3z33tVtZp,0,0,1,0,0,0,0,0,4198,0,1,0,0,0,0
https://roundcuber.pages.dev,0,0,0,0,0,0,0,0,1,1,1,0,0,0,0
https://roundcubeproject.pages.dev,0,0,0,0,0,0,0,0,1,1,1,0,0,0,0
https://support-team-ads-accounts-restricted-1-red.vercel.app/,0,1,0,0,0,0,1,0,1,1,1,0,0,0,0
https://ads-manager-team-sp-accounts-restricted-01.vercel.app/,0,1,0,0,0,0,1,0,1,1,1,0,0,0,0
https://t9r29c.webwave.dev/,0,0,0,0,0,0,0,0,1898,0,1,0,0,0,0
https://impotsgouv.10e4a9b.wcomhost.com/add/230/cfspart-impots-gouv/LoginAccess/VR/infos.php,0,1,6,0,0,1,0,0,4489,0,2,1,1,1,1
https://xua.cfv.mybluehost.me/s/sabadel/auth/index.php?clckid=434d1e78,0,1,4,0,0,0,0,0,2774,0,2,0,0,0,0
https://empty-darkness-7f25.info5929.workers.dev,0,0,0,0,0,0,1,0,1,1,2,0,0,0,0
https://mail.turtlepower.com.au/Dertonke/35a001e7bbc3bc146aca3188d5d4dcde/,0,1,2,0,0,0,0,0,1,1,1,1,1,1,1
https://mail.turtlepower.com.au/Dertonke/35a001e7bbc3bc146aca3188d5d4dcde,0,1,2,0,0,0,0,0,1,1,1,1,1,1,1
https://olehelgeratvik.godaddysites.com/,0,0,0,0,0,0,0,0,3827,0,1,0,0,0,0
https://yihires.in/wp/,0,0,1,0,0,0,0,0,606,0,1,0,1,0,0
https://docs.google.com/presentation/d/e/2PACX-1vRrf2ZecXju_i1gIKUwEyvAQARUJF9NVkd6wSv_cK3Ld6jZHTgfqz2faRd0qJ8Cw_oipgUBb014TjMl/embed?start=false,0,1,5,0,0,0,0,0,9735,0,1,0,0,0,0
https://www.bellmarine.e-skafos.gr/bill/membership/login/login,0,0,4,0,0,0,1,0,1,1,2,0,0,0,0
https://wprkxkakekfkzk.xyz/login.php,0,0,1,0,0,0,0,0,16,0,1,0,0,0,0
https://wprkxkakekfkzk.xyz/index.html,0,0,1,0,0,0,0,0,16,0,1,0,0,0,0
https://voluble-dolphin-2bf501.netlify.app/appeal.html/,0,0,1,0,0,0,1,0,1,1,1,0,0,0,0
http://marketplace-item-details-94319865.zya.me/?i=1,0,0,0,0,0,0,1,0,983,0,1,1,1,1,1
http://murisxdrctfvgytfcdrxytjsytrp3gkoeuieoeiofnwoaphfb4sjdjeot2.pages.dev,0,1,0,0,0,0,0,0,1,1,1,1,0,0,0
https://murisxdrctfvgytfcdrxytjsytrp3gkoeuieoeiofnwoaphfb4sjdjeot2.pages.dev/,0,1,0,0,0,0,0,0,1,1,1,1,0,0,0
http://hugwioywhkoygwhhos03.pages.dev,0,0,0,0,0,0,0,0,1,1,1,1,0,0,0
https://hugwioywhkoygwhhos03.pages.dev/,0,0,0,0,0,0,0,0,1,1,1,1,0,0,0
https://paypal.trinityfrench.org/,0,0,0,0,0,0,0,0,1939,0,1,0,0,0,0
https://jtn.ytr.mybluehost.me/bro/index.php,0,0,2,0,0,0,0,0,2774,0,2,0,0,0,0
https://post.redeliverysu.info/,0,0,0,0,0,0,0,0,12,0,1,1,1,1,1
https://0eac93cb.7dc79c02a28e1520a86dda0e.workers.dev,0,0,0,0,0,0,0,0,1,1,2,0,0,0,0
https://jemi.so/j6b8i01,0,0,1,0,0,0,0,0,1015,1,1,0,0,0,0
https://docs.google.com/drawings/d/13_BbicyyWEkYhBL-44FrSPWrXpZII7D2yQc2rxf12QI/preview,0,1,4,0,0,0,0,0,9735,0,1,0,0,0,0
https://webappsmangesintlpaymentsrenew.capetownss.com/signin,0,0,1,0,0,0,0,0,2369,0,1,1,1,1,1
https://yukisushiwpg.com/,0,0,0,0,0,0,0,0,341,1,1,1,1,1,1
https://xdywna.com/,0,0,0,0,0,0,0,0,341,1,1,1,1,1,1
https://wzh9tg.com,0,0,0,0,0,0,0,0,341,1,1,1,1,1,1
https://www.edenplacelw.com/Personal/login,0,0,2,0,0,0,0,0,322,1,1,1,1,1,1
https://tzlsgg.com/,0,0,0,0,0,0,0,0,354,1,1,1,1,1,1
https://thesoladargroup.com,0,0,0,0,0,0,0,0,231,0,1,1,1,1,1
https://sohbetz.com/,0,0,0,0,0,0,0,0,175,0,1,1,1,1,1
https://skatehorde.com,0,0,0,0,0,0,0,0,346,1,1,1,1,1,1
https://shar-login-now-en.xelonefy.workers.dev,0,0,0,0,0,0,1,0,1,1,2,0,0,0,0
https://online.attservices.workers.dev,0,0,0,0,0,0,0,0,1,1,2,0,0,0,0
https://online.aolservices.workers.dev,0,0,0,0,0,0,0,0,1,1,2,0,0,0,0
https://nthturn.com/,0,0,0,0,0,0,0,0,363,1,1,1,1,1,1
https://normsoftball.com/,0,0,0,0,0,0,0,0,1094,1,1,1,1,1,1
https://bit.ly/m-xcjisdnisDHJSdhjxsD,0,0,1,0,0,1,0,0,5837,0,1,0,0,0,0
https://bit.ly/M-sjixdDSsdxsdDS,0,0,1,0,0,1,0,0,5837,0,1,0,0,0,1
https://bit.ly/m-DJISisodjuxnisDKSI,0,0,1,0,0,1,0,0,5837,0,1,0,0,0,1
https://balkanskispijun.com/,0,0,0,0,0,0,0,0,339,1,1,1,1,1,1
https://baladagyn.com/,0,0,0,0,0,0,0,0,174,0,1,1,1,1,1
https://astidubai.com/,0,0,0,0,0,0,0,0,363,1,1,1,1,1,1
https://ashianeh.com/,0,0,0,0,0,0,0,0,174,0,1,1,1,1,1
https://asdfzimlevel.pages.dev,0,0,0,0,0,0,0,0,1,1,1,0,0,0,0
http://srv212442.hoster-test.ru/DHLNEWPRIVATE20/DHLNEWPRIVATE2023/locatar/cc.php,0,1,4,0,0,0,1,1,1,1,1,0,0,0,0
https://t.co/1F8XElhnPw,0,0,1,0,0,1,0,0,5129,0,1,1,1,1,1
https://ch16146.tw1.ru/sofids/,0,0,1,0,0,0,0,1,1,1,1,1,1,1,1
https://t.co/rMSesJiNTQ,0,0,1,0,0,1,0,0,5129,0,1,1,1,1,1
https://cd33633.tw1.ru/sofids/,0,0,1,0,0,0,0,1,1,1,1,1,1,1,1
https://t.co/tkPp5oQmO7,0,0,1,0,0,1,0,0,5129,0,1,1,1,1,1
https://www-s-pankki-asiakaspalvelu-ed.itlii.shop/fi-2/spk.php,0,1,2,0,0,0,1,0,231,0,1,1,1,1,1
https://t.co/gDPxbHgSuH,0,0,1,0,0,1,0,0,5129,0,1,1,1,1,1
https://cq50832.tw1.ru/sofids/,0,0,1,0,0,0,0,1,1,1,1,1,1,1,1
https://t.co/LtIt9glZvu,0,0,1,0,0,1,0,0,5129,0,1,1,1,1,1
https://kqbfabfga-conflictrecovery.pages.dev/,0,0,0,0,0,0,1,0,1,1,1,0,0,0,0
https://igwmfkva-privacyresolution.pages.dev/,0,0,0,0,0,0,1,0,1,1,1,0,0,0,0
https://hkbkxcnas-troubleshootinglive.pages.dev/,0,0,0,0,0,0,1,0,1,1,1,1,1,1,1
https://link-dana-kaget-indonesia.claims.my.id/,0,0,0,0,0,0,1,0,237,0,1,1,1,1,1
https://layananofficiall-dana.zjucle.com/,0,0,0,0,0,0,1,0,363,1,1,0,0,0,0
https://s.id/Layanan-officiall-Dana-id-com,0,0,1,0,0,0,0,0,3923,0,1,0,0,0,0
https://manuales.ideaonline.aero//mypost/track/index.php,0,0,3,1,0,0,0,0,1,1,1,0,0,0,0
https://aru.pages.dev,0,0,0,0,0,0,0,0,1,1,1,0,0,0,0
https://www.syl.xng.mybluehost.me/Bilin/inf/index.php,0,0,3,0,0,0,0,0,2774,0,3,0,0,0,0
https://cgd-balcaodigital.com,0,0,0,0,0,0,1,0,12,0,1,0,0,0,0
https://teststandard123.pages.dev,0,0,0,0,0,0,0,0,1,1,1,0,0,0,0
http://sonikcoin-dapps.pages.dev,0,0,0,0,0,0,1,0,1,1,1,0,0,0,0
https://sonikcoin-dapps.pages.dev/,0,0,0,0,0,0,1,0,1,1,1,0,0,0,0
https://rectifynodesapp.pages.dev/,0,0,0,0,0,0,0,0,1,1,1,0,0,0,0
http://xexchangedapps.pages.dev,0,0,0,0,0,0,0,0,1,1,1,0,0,0,0
https://xexchangedapps.pages.dev/,0,0,0,0,0,0,0,0,1,1,1,0,0,0,0
http://node-generated.pages.dev,0,0,0,0,0,0,1,0,1,1,1,0,0,0,0
https://node-generated.pages.dev/,0,0,0,0,0,0,1,0,1,1,1,0,0,0,0
https://virtualapps.replit.app/mua/VALIDATMAIL/sics/83N177N3A0C_I322NrxStPNTQ0CAw0M2342LI1cgz0tvUwkpiAJKG533/30/no-bakc-buton/,0,1,6,0,0,0,0,0,1120,0,1,0,0,0,0
https://rbdser2.pages.dev,0,0,0,0,0,0,0,0,1,1,1,0,0,0,0
https://fghrrjt.pages.dev,0,0,0,0,0,0,0,0,1,1,1,0,0,0,0
http://kuggyf11.pages.dev,0,0,0,0,0,0,0,0,1,1,1,0,0,0,0
https://kuggyf11.pages.dev/,0,0,0,0,0,0,0,0,1,1,1,0,0,0,0
http://welakamoma.000.pe/?i=1,0,0,0,0,0,0,0,0,1,1,1,1,1,1,1
https://wallet-connect-a2g.pages.dev,0,0,0,0,0,0,1,0,1,1,1,0,0,0,0
https://submit-us-review.vercel.app/next.html,0,0,1,0,0,0,1,0,1,1,1,0,0,0,0
https://safety-for-apply-here.vercel.app/form.html,0,0,1,0,0,0,1,0,1,1,1,0,0,0,0
https://monetization-at-risk.vercel.app/form.html,0,0,1,0,0,0,1,0,1,1,1,0,0,0,0
https://fb-alert-account.vercel.app/form.html,0,0,1,0,0,0,1,0,1,1,1,0,0,0,0
https://apply-your-account.vercel.app/form.html,0,0,1,0,0,0,1,0,1,1,1,0,0,0,0
https://yangustresmouguito-ece8c7.ingress-haven.ewp.live/wp-content/plugins/chandesforguegrico/pages/region.php,0,1,5,0,0,0,1,0,716,0,2,0,0,0,0
https://urlz.fr/qs5V,0,0,1,0,0,0,0,0,4746,0,1,0,0,0,0
https://plondeszuimongiu-ece8c7.ingress-haven.ewp.live/wp-content/plugins/chandesforguegrico/pages/region.php,0,1,5,0,0,0,1,0,716,0,2,0,0,0,0
https://doctoresdanseinhflosim-ece8c7.ingress-haven.ewp.live/wp-content/plugins/chandesforguegrico/pages/region.php?lca#fa73180d0636044f2,0,1,5,0,0,0,1,0,716,0,2,0,0,0,0
https://doctoresdanseinhflosim-ece8c7.ingress-haven.ewp.live/wp-content/plugins/chandesforguegrico,0,1,3,0,0,0,1,0,716,0,2,0,0,0,0
https://canstroubolmospoinjuin-ece8c7.ingress-haven.ewp.live/wp-content/plugins/chandesforguegrico/pages/region.php,0,1,5,0,0,0,1,0,716,0,2,0,0,0,0
https://pl.45-61-150-149.cprapid.com/italia/,0,0,1,0,0,0,1,0,1821,0,2,1,1,1,1
https://worker-jolly-water-b12c.jorzosustu.workers.dev,0,0,0,0,0,0,1,0,1,1,2,0,0,0,0
https://us.manks.workers.dev,0,0,0,0,0,0,0,0,1,1,2,0,0,0,0
https://taht-97c0.rdoiazlanra.workers.dev,0,0,0,0,0,0,1,0,1,1,2,0,0,0,0
https://square-smoke-4c62.4tjwj7mx.workers.dev,0,0,0,0,0,0,1,0,1,1,2,0,0,0,0
https://sharepoint-9fd1.gafixej701.workers.dev,0,0,0,0,0,0,1,0,1,1,2,0,0,0,0
https://secure-office.prypereun.workers.dev,0,0,0,0,0,0,1,0,1,1,2,0,0,0,0
https://rebrand.ly/r9hlx6y?Bst=LzLzU0eylf,0,0,1,0,0,0,0,0,3528,0,1,0,0,0,0
https://rebrand.ly/q05c4zj,0,0,1,0,0,0,0,0,3528,0,1,0,0,0,0
https://qao3ing-s29rawn-su3-w9avh.ondigitalocean.app/,0,0,0,0,0,0,1,0,1,1,1,0,0,0,0
https://q8z8-wbamngray-a300az-rp8dx.ondigitalocean.app/,0,0,0,0,0,0,1,0,1,1,1,0,0,0,0
https://office1f0ad76850dec14666e80fef0bef056d1f0ad76850dec14666e80fef0.ondrivesoffice.workers.dev,0,1,0,0,0,0,0,0,1,1,2,0,0,0,0
https://maile-login-f02c.yellow-zone87362523.workers.dev,0,0,0,0,0,0,1,0,1,1,2,0,0,0,0
https://indentyty.auth-member-ourtime.workers.dev,0,0,0,0,0,0,1,0,1,1,2,0,0,0,0
https://hello-world-square-dew-5dd3.bejeka6988.workers.dev,0,0,0,0,0,0,1,0,1,1,2,0,0,0,0
https://eunnw-4be1.irdaymobbu.workers.dev,0,0,0,0,0,0,1,0,1,1,2,0,0,0,0
https://empireglasscompany.pages.dev,0,0,0,0,0,0,0,0,1,1,1,0,0,0,0
https://em-cloudset-0dd1.abeliereal.workers.dev,0,0,0,0,0,0,1,0,1,1,2,0,0,0,0
https://deficloud-protocol.pages.dev/,0,0,0,0,0,0,1,0,1,1,1,1,1,1,1
https://cuenta-sabadell-es.com,0,0,0,0,0,0,1,0,12,0,1,1,1,1,1
https://cloudflare-ipfs.com/ipns/k2k4r8lhf5smq93l2nv50bm9cuv5510tww7ykog1wb1ocv87uuj1u0ck?email=alternative.format%40dvla.gov.uk%0D,0,1,2,0,0,0,1,0,2173,0,1,0,0,0,0
https://acredit.pages.dev,0,0,0,0,0,0,0,0,1,1,1,0,0,0,0
https://posteitaliane.co/it,0,0,1,0,0,0,0,0,12,0,1,0,0,0,0
https://postaruba.cyou/my?NDl=QtZJDLVCSZ,0,0,1,0,0,0,0,0,12,0,1,1,1,1,1
https://t.ly/RnDxb,0,0,1,0,0,0,0,0,5184,0,1,0,0,0,0
https://t.ly/r36rG,0,0,1,0,0,0,0,0,5184,0,1,0,0,0,0
https://t.ly/PR3aD,0,0,1,0,0,0,0,0,5184,0,1,0,0,0,0
https://t.ly/hozLb,0,0,1,0,0,0,0,0,5184,0,1,0,0,0,0
https://t.ly/h2SBw,0,0,1,0,0,0,0,0,5184,0,1,0,0,0,0
https://t.ly/GnbvO,0,0,1,0,0,0,0,0,5184,0,1,0,0,0,0
https://t.ly/E2TNH,0,0,1,0,0,0,0,0,5184,0,1,0,0,0,0
https://t.ly/b71zN,0,0,1,0,0,0,0,0,5184,0,1,0,0,0,0
https://t.ly/8Swxe,0,0,1,0,0,0,0,0,5184,0,1,0,0,0,0
https://t.ly/75xpQ,0,0,1,0,0,0,0,0,5184,0,1,0,0,0,0
https://t.ly/4szXP?NDl=QtZJDLVCSZ,0,0,1,0,0,0,0,0,5184,0,1,0,0,0,0
https://anytimeroofingtx.com/ww/login.php,0,0,2,0,0,1,0,0,280,1,1,0,0,0,0
https://t.ly/-l8P7,0,0,1,0,0,0,0,0,5184,0,1,0,0,0,0
https://tinyurl.com/redifmailpro,0,0,1,0,0,1,0,0,8140,0,1,0,0,0,0
https://pub-c5e14d74fa72475aac5fa668a6cde0dc.r2.dev/RediffmailPro.com.html,0,1,1,0,0,0,1,0,627,0,1,0,0,0,0
https://telkom-sel.icu/DL44AK,0,0,1,0,0,0,1,0,15,0,1,1,1,1,1
https://tinyurl.com/yeej67e4,0,0,1,0,0,1,0,0,8140,0,1,0,0,0,0
https://oxihzhotye.top/voEK4s,0,0,1,0,0,0,0,0,13,0,1,1,1,1,1
https://tinyurl.com/me427cxu,0,0,1,0,0,1,0,0,8140,0,1,0,0,0,0
https://tracktrade.top/be?dvy=1f7mddntxkcg,0,0,1,0,0,0,0,0,13,0,1,1,1,1,1
https://tinyurl.com/426sx2h7?dvy=1f7mddntxkcg,0,0,1,0,0,1,0,0,8140,0,1,0,0,0,0
https://tinyurl.com/379zb2ew,0,0,1,0,0,1,0,0,8140,0,1,0,0,0,0
https://renewmyaccount.v6.navy/creditoption?token=9Muasvgjk1824sdkmxlSDGJUtaGGGG,0,1,1,0,0,0,0,0,1353,0,1,1,1,1,1
https://tinyurl.com/36823e2w,0,0,1,0,0,1,0,0,8140,0,1,0,0,0,0
https://correoparaguayo-vf.top/i,0,0,1,0,0,0,1,0,13,0,1,1,1,1,1
https://tinyurl.com/2vwvxzwf,0,0,1,0,0,1,0,0,8140,0,1,0,0,0,0
http://ycv38k89wp.fcyz.my.id,0,0,0,0,0,0,0,0,46,0,1,0,0,0,0
https://docs.google.com/presentation/d/e/2PACX-1vSLzv1Ax2Hwfta1goh-u7zcvYehSNjjkkSidAkS-A2FcM4SCFeiF_Ajmh5w-Cwt0qmMYnUcre7roE0H/pub?start=false&amp;loop=false&amp;delayms=3000,0,1,5,0,0,0,0,0,9735,0,1,0,0,0,0
http://yon1df5nv.fcyz.my.id,0,0,0,0,0,0,0,0,46,0,1,0,0,0,0
https://bowkwpoedjjeodkkseksdnkdnfndnebebbdbdbndjdnd.ttrbru.eu.org/,0,1,0,0,0,0,0,0,1,1,2,0,0,0,0
https://historical-hulking-suit.glitch.me/inspi738217res.html,0,0,1,0,0,0,1,0,1,1,1,0,0,0,0
https://chain-cuboid-sound.glitch.me/revere278172nti.html,0,0,1,0,0,0,1,0,1,1,1,0,0,0,0
http://request-meta-application.vercel.app/,0,0,0,0,0,0,1,0,1,1,1,0,0,0,0
https://request-meta-application.vercel.app/,0,0,0,0,0,0,1,0,1,1,1,0,0,0,0
http://page-monitize.vercel.app/,0,0,0,0,0,0,1,0,1,1,1,0,0,0,0
https://page-monitize.vercel.app/,0,0,0,0,0,0,1,0,1,1,1,0,0,0,0
https://application-revew-me.vercel.app/,0,0,0,0,0,0,1,0,1,1,1,0,0,0,0
http://application-revew-me.vercel.app/,0,0,0,0,0,0,1,0,1,1,1,0,0,0,0
https://yandexv.net/CHINA/edg/index.php?info=YXBwbGVAYXBwbGUuY29t,0,1,3,0,0,0,0,0,122,0,1,0,0,0,0
https://martinsiptak.com/frame/edg/index.php?info=Z29vZ2xlQGdvb2dsZS5jb20=,0,1,3,0,0,0,0,0,5136,0,1,0,0,0,0
https://jlanhengid.com/w/e/?info=Z29vZ2xlQGdvb2dsZS5jb20=,0,0,2,0,0,0,0,0,242,0,1,1,1,1,1
https://isi-soft.sk/2m9EOl/k/edg/index.php?info=Z29vZ2xlQGdvb2dsZS5jb20=,0,1,4,0,0,0,1,0,7475,0,1,0,0,0,0
https://geraipertamini.com/zxxcv/edg/index.php?info=YXBwbGVAYXBwbGUuY29t,0,1,3,0,0,0,0,0,77,0,1,1,1,1,1
https://www.web-triodosbank.com/es/login,0,0,2,0,0,0,1,0,12,0,1,1,1,1,1
https://www.web-cajaingenieros.com/es/login,0,0,2,0,0,0,1,0,12,0,1,1,1,1,1
https://www.soportes-bbva-app.com/web/login,0,0,2,0,0,0,1,0,11,0,1,1,1,1,1
https://www.soporte-abanca-app.com/es/WELE200M_Logon_Ini.aspx,0,0,2,0,0,0,1,0,11,0,1,1,1,1,1
https://www.inicios-bankinter-cliente.com/es/login,0,0,2,0,0,0,1,0,12,0,1,1,1,1,1
https://www.es-abanca-empresa.com/esp/WELE200M_Logon_Ini.aspx,0,0,2,0,0,0,1,0,13,0,1,1,1,1,1
https://www.clientes-bbva-app.com/es/login,0,0,2,0,0,0,1,0,12,0,1,1,1,1,1
https://www.cliente-bbva-apps.com/web/login,0,0,2,0,0,0,1,0,12,0,1,1,1,1,1
https://www.cliente-bbva-app.com/es/login,0,0,2,0,0,0,1,0,12,0,1,1,1,1,1
https://www.cliente-abanca-web.com/es/WELE200M_Logon_Ini.aspx,0,0,2,0,0,0,1,0,13,0,1,1,1,1,1
https://www.apps-bbva-soportes.com/es/login,0,0,2,0,0,0,1,0,12,0,1,1,1,1,1
https://www.apps-bbva-clientes.com/es/login,0,0,2,0,0,0,1,0,13,0,1,1,1,1,1
https://www.apps-bancosabadell.com/esp/login,0,0,2,0,0,0,1,0,12,0,1,1,1,1,1
https://www.apps-abanca-inicio.com/esp/WELE200M_Logon_Ini.aspx,0,0,2,0,0,0,1,0,12,0,1,1,1,1,1
https://www.app-abanca-clientes.com/es/WELE200M_Logon_Ini.aspx,0,0,2,0,0,0,1,0,13,0,1,1,1,1,1
https://www.app-abanca-cliente.com/es/WELE200M_Logon_Ini.aspx,0,0,2,0,0,0,1,0,13,0,1,1,1,1,1
https://tinyurl.com/mrxna6mt,0,0,1,0,0,1,0,0,8140,0,1,0,0,0,0
https://tinyurl.com/4v7eadar,0,0,1,0,0,1,0,0,8140,0,1,1,1,1,1
https://evobanco.soportes-evo.com/esp/login,0,0,2,0,0,0,1,0,12,0,1,1,1,1,1
https://cl.web-bancofalabella.com/home,0,0,1,0,0,0,1,0,13,0,1,1,1,1,1
https://cba-auth.info/,0,0,0,0,0,0,1,0,11,0,1,1,1,1,1
https://qsswcvfdjhioooi.dynv6.net/K90Iv6-HWR39-InMzn-JLg83-UE0qN-KWjgf-cccjT/index.html,0,1,2,0,0,0,0,1,1,1,1,1,1,1,1
https://2mswn0.duckdns.org/,0,0,0,0,0,0,0,0,1,1,1,1,1,1,1
https://qsswcvfdjhioooi.dynv6.net/index.html,0,0,1,0,0,0,0,1,1,1,1,1,1,1,1
https://1r07t3e.duckdns.org/,0,0,0,0,0,0,0,0,1,1,1,1,1,1,1
https://0d3f0pwe.duckdns.org/,0,0,0,0,0,0,0,0,1,1,1,1,1,1,1
https://01qn9cae.duckdns.org/,0,0,0,0,0,0,0,0,1,1,1,1,1,1,1
https://lewellensiding.com/,0,0,0,0,0,0,0,0,344,1,1,1,1,1,1
https://lesalias.com,0,0,0,0,0,0,0,0,346,1,1,1,1,1,1
https://juclouds.com/,0,0,0,0,0,0,0,0,723,1,1,1,1,1,1
https://ixngo.com,0,0,0,0,0,0,0,0,336,1,1,1,1,1,1
https://hnfamous.com/,0,0,0,0,0,0,0,0,339,1,1,1,1,1,1
https://hkwebcorp.com,0,0,0,0,0,0,0,0,343,1,1,1,1,1,1
https://haoxingsn.com,0,0,0,0,0,0,0,0,359,1,1,1,1,1,1
https://guantedeseda.com/,0,0,0,0,0,0,0,0,343,1,1,1,1,1,1
https://gingerdunn.com,0,0,0,0,0,0,0,0,346,1,1,1,1,1,1
https://flowerat.com/,0,0,0,0,0,1,0,0,239,0,1,1,1,1,1
http://gracevilledrafting.com.au/mail/Mail.html,0,0,2,0,0,0,0,0,1,1,1,1,0,0,0
https://fixmyowntv.com,0,0,0,0,0,0,0,0,343,1,1,1,1,1,1
https://epocerd.co.jp.startpartner.net/Xapz,0,0,1,0,0,0,0,0,232,0,3,1,1,1,1
https://epocerd.co.jp.pulsemais.com/Xapz,0,0,1,0,0,0,0,0,312,1,3,1,1,1,1
https://epocerd.co.jp.jinglou.net/Xapz,0,0,1,0,0,0,0,0,232,0,3,1,1,1,1
https://epocerd.co.jp.blfr.net/Xapz,0,0,1,0,0,0,0,0,232,0,3,1,1,1,1
https://aeon.jp.feeltick.com/Aaeoncojpcb1E,0,0,1,0,0,0,0,0,170,0,2,1,1,1,1
https://aeon.jp.eldonn.com/Aaeoncojpcb1E,0,0,1,0,0,0,0,0,170,0,2,1,1,1,1
https://docs.google.com/presentation/d/e/2PACX-1vSoJys_Nd7ysHJg6wvstKlbFEA8NpO4qVz5wdgvxfm1u5RFnojpHdVtmedio4GELZmGTVGm6IpYOzMA/pub?start=false&amp;loop=false&amp;delayms=3000,0,1,5,0,0,0,0,0,9735,0,1,0,0,0,0
https://aeon.jp.anujin.com/Aaeoncojpcb1E,0,0,1,0,0,0,0,0,172,0,2,1,1,1,1
https://f6f991-62102.portmap.io:62102/gO-auth/nb/en-01/,0,0,3,0,0,0,1,0,1,1,1,1,1,1,1
https://aeno.co.jp.yidahudong.com/aeon,0,0,1,0,0,0,0,0,365,1,3,1,1,1,1
https://aeno.co.jp.yantaizuche.net/aeon,0,0,1,0,0,0,0,0,236,0,3,1,1,1,1
https://aeno.co.jp.tensunchem.com/aeon,0,0,1,0,0,0,0,0,365,1,3,1,1,1,1
https://aeno.co.jp.taojie818.com/aeon,0,0,1,0,0,0,0,0,364,1,3,1,1,1,1
https://aeno.co.jp.lywandajixie.com/aeon,0,0,1,0,0,0,0,0,3299,0,3,1,1,1,1
https://aeno.co.jp.itsoftstore.com/aeon,0,0,1,0,0,0,0,0,365,1,3,1,1,1,1
https://acccouont.iuocou.top/rjjACQEBQk,0,0,1,0,0,1,0,0,256,0,1,1,1,1,1
https://acccount.pccywoy.top/rjjACQEBQk,0,0,1,0,0,0,0,0,247,0,1,1,1,1,1
https://fb-alert-account.vercel.app/,0,0,0,0,0,0,1,0,1,1,1,0,0,0,0
https://apply-your-account.vercel.app/,0,0,0,0,0,0,1,0,1,1,1,0,0,0,0
https://kzl.ekr.mybluehost.me/public/558421PR/contract/,0,0,3,0,0,0,0,0,2774,0,2,0,0,0,0
https://uragf.com/,0,0,0,0,0,0,0,0,12,0,1,1,1,1,1
http://urazw.com,0,0,0,0,0,0,0,0,11,0,1,1,1,1,1
http://urazr.com,0,0,0,0,0,0,0,0,11,0,1,1,1,1,1
http://urazp.com,0,0,0,0,0,0,0,0,11,0,1,1,1,1,1
http://urayu.com,0,0,0,0,0,0,0,0,14,0,1,1,1,1,1
http://urayw.com,0,0,0,0,0,0,0,0,14,0,1,1,1,1,1
http://urayt.com,0,0,0,0,0,1,0,0,14,0,1,1,1,1,1
http://urayr.com,0,0,0,0,0,0,0,0,14,0,1,1,1,1,1
http://urayp.com,0,0,0,0,0,0,0,0,14,0,1,1,1,1,1
http://urayn.com,0,0,0,0,0,0,0,0,14,0,1,1,1,1,1
http://uraym.com,0,0,0,0,0,0,0,0,14,0,1,1,1,1,1
http://uraxw.com,0,0,0,0,0,0,0,0,11,0,1,1,1,1,1
http://uraxt.com,0,0,0,0,0,1,0,0,11,0,1,1,1,1,1
http://uraxr.com,0,0,0,0,0,0,0,0,11,0,1,1,1,1,1
http://uraxp.com,0,0,0,0,0,0,0,0,11,0,1,1,1,1,1
http://urawx.com,0,0,0,0,0,1,0,0,15,0,1,1,1,1,1
http://urawj.com,0,0,0,0,0,0,0,0,15,0,1,1,1,1,1
http://urauz.com,0,0,0,0,0,0,0,0,14,0,1,1,1,1,1
http://urauj.com,0,0,0,0,0,0,0,0,14,0,1,1,1,1,1
http://urauk.com,0,0,0,0,0,0,0,0,14,0,1,1,1,1,1
http://urauh.com,0,0,0,0,0,0,0,0,14,0,1,1,1,1,1
http://urauf.com,0,0,0,0,0,0,0,0,14,0,1,1,1,1,1
http://uraud.com,0,0,0,0,0,0,0,0,14,0,1,1,1,1,1
http://uratz.com,0,0,0,0,0,0,0,0,14,0,1,1,1,1,1
http://uratk.com,0,0,0,0,0,0,0,0,14,0,1,1,1,1,1
http://uratj.com,0,0,0,0,0,0,0,0,14,0,1,1,1,1,1
http://uratg.com,0,0,0,0,0,0,0,0,14,0,1,1,1,1,1
http://uratf.com,0,0,0,0,0,0,0,0,14,0,1,1,1,1,1
http://urasw.com,0,0,0,0,0,0,0,0,12,0,1,1,1,1,1
http://urast.com,0,0,0,0,0,1,0,0,12,0,1,1,1,1,1
http://urasf.com,0,0,0,0,0,0,0,0,12,0,1,1,1,1,1
http://urakv.com,0,0,0,0,0,0,0,0,11,0,1,1,1,1,1
http://urakz.com,0,0,0,0,0,0,0,0,11,0,1,1,1,1,1
http://urakx.com,0,0,0,0,0,1,0,0,11,0,1,1,1,1,1
http://urakj.com,0,0,0,0,0,0,0,0,11,0,1,1,1,1,1
http://urakq.com,0,0,0,0,0,0,0,0,11,0,1,1,1,1,1
http://urakm.com,0,0,0,0,0,0,0,0,11,0,1,1,1,1,1
http://urakk.com,0,0,0,0,0,0,0,0,11,0,1,1,1,1,1
http://urakg.com,0,0,0,0,0,0,0,0,11,0,1,1,1,1,1
http://urajy.com,0,0,0,0,0,0,0,0,11,0,1,1,1,1,1
http://urakc.com,0,0,0,0,0,0,0,0,11,0,1,1,1,1,1
http://urakb.com,0,0,0,0,0,0,0,0,11,0,1,1,1,1,1
http://urajw.com,0,0,0,0,0,0,0,0,11,0,1,1,1,1,1
http://urajr.com,0,0,0,0,0,0,0,0,11,0,1,1,1,1,1
http://urajs.com,0,0,0,0,0,0,0,0,11,0,1,1,1,1,1
http://urajq.com,0,0,0,0,0,0,0,0,11,0,1,1,1,1,1
http://uraju.com,0,0,0,0,0,0,0,0,11,0,1,1,1,1,1
http://urajt.com,0,0,0,0,0,1,0,0,11,0,1,1,1,1,1
http://urajf.com,0,0,0,0,0,0,0,0,11,0,1,1,1,1,1
http://urajd.com,0,0,0,0,0,0,0,0,11,0,1,1,1,1,1
http://uragv.com,0,0,0,0,0,0,0,0,12,0,1,1,1,1,1
http://uragt.com,0,0,0,0,0,1,0,0,12,0,1,1,1,1,1
http://uragr.com,0,0,0,0,0,0,0,0,12,0,1,1,1,1,1
http://uragp.com,0,0,0,0,0,0,0,0,12,0,1,1,1,1,1
http://uragn.com,0,0,0,0,0,0,0,0,12,0,1,1,1,1,1
http://uragf.com,0,0,0,0,0,0,0,0,12,0,1,1,1,1,1
http://uragd.com,0,0,0,0,0,0,0,0,12,0,1,1,1,1,1
http://urafr.com,0,0,0,0,0,0,0,0,12,0,1,1,1,1,1
http://urafp.com,0,0,0,0,0,0,0,0,12,0,1,1,1,1,1
http://uradm.com,0,0,0,0,0,0,0,0,12,0,1,1,1,1,1
http://uradk.com,0,0,0,0,0,0,0,0,12,0,1,1,1,1,1
http://uradn.com,0,0,0,0,0,0,0,0,12,0,1,1,1,1,1
http://uracz.com,0,0,0,0,0,0,0,0,11,0,1,1,1,1,1
http://uracw.com,0,0,0,0,0,0,0,0,11,0,1,1,1,1,1
http://uracq.com,0,0,0,0,0,0,0,0,11,0,1,1,1,1,1
http://uracm.com,0,0,0,0,0,0,0,0,11,0,1,1,1,1,1
http://uracj.com,0,0,0,0,0,0,0,0,11,0,1,1,1,1,1
http://uratc.com,0,0,0,0,0,0,0,0,14,0,1,1,1,1,1
http://uratb.com,0,0,0,0,0,0,0,0,14,0,1,1,1,1,1
http://urasd.com,0,0,0,0,0,0,0,0,12,0,1,1,1,1,1
http://urarw.com,0,0,0,0,0,0,0,0,14,0,1,1,1,1,1
http://urarq.com,0,0,0,0,0,0,0,0,14,0,1,1,1,1,1
http://uragy.com,0,0,0,0,0,0,0,0,12,0,1,1,1,1,1
http://uragq.com,0,0,0,0,0,0,0,0,12,0,1,1,1,1,1
http://uradw.com,0,0,0,0,0,0,0,0,12,0,1,1,1,1,1
http://uradq.com,0,0,0,0,0,0,0,0,12,0,1,1,1,1,1
http://uracx.com,0,0,0,0,0,1,0,0,11,0,1,1,1,1,1
http://uracb.com,0,0,0,0,0,0,0,0,11,0,1,1,1,1,1
https://open-appeal-helpcenter.vercel.app/appeal_case_id,0,0,1,0,0,0,1,0,1,1,1,0,0,0,0
https://business-ads-help-center.vercel.app/appeal_case_id,0,0,1,0,0,0,1,0,1,1,1,0,0,0,0
https://ads-support-center.vercel.app/appeal_case_id,0,0,1,0,0,0,1,0,1,1,1,0,0,0,0
http://rakuten.co.jp.rakutks.xyz,0,0,0,0,0,0,0,0,1,1,3,1,1,1,1
https://wordpress-1258345-4520616.cloudwaysapps.com/wp-admin/kola/MTTRBDFH/,0,1,3,0,0,0,1,0,4511,0,1,0,0,0,0
https://wordpress-1257794-4518415.cloudwaysapps.com/poko/MTTRBDFH/,0,1,2,0,0,0,1,0,4511,0,1,1,1,1,1
https://www.v-pass-cards.com/,0,0,0,0,0,0,1,0,13,0,1,0,0,0,0
https://www.ssomin.com/,0,0,0,0,0,0,0,0,17,0,1,1,1,1,1
https://www.sond-card.top/,0,0,0,0,0,0,1,0,15,0,1,1,1,1,1
https://www.smcc-send.com/,0,0,0,0,0,0,1,0,16,0,1,1,1,1,1
http://allegr0lokalnie.6456322.xyz/captcha,0,0,1,0,0,0,0,0,11,0,1,1,1,1,1
https://www.qnvzom.cn/,0,0,0,0,0,0,0,0,355,1,1,1,1,1,1
https://www.oolrnbp.cn/,0,0,0,0,0,0,0,0,232,0,1,1,1,1,1
https://www.ooikldw.cn/,0,0,0,0,0,0,0,0,234,0,1,1,1,1,1
https://www.muwjfa.cn/,0,0,0,0,0,0,0,0,352,1,1,1,1,1,1
https://www.govlqpk.cn/,0,0,0,0,0,0,0,0,233,0,1,1,1,1,1
https://www.git653.com/amz/login,0,0,2,0,0,0,0,0,348,1,1,1,1,1,1
https://www.cuqmrsq.cn/,0,0,0,0,0,0,0,0,234,0,1,1,1,1,1
https://www.bjvpza.cn/,0,0,0,0,0,0,0,0,352,1,1,1,1,1,1
https://www.bbiiwyp.cn/,0,0,0,0,0,0,0,0,233,0,1,1,1,1,1
https://www.afjzbts.cn/,0,0,0,0,0,0,0,0,234,0,1,1,1,1,1
https://www.accouapp.accoutenneoaer.com/,0,0,0,0,0,0,0,0,27,0,2,1,1,1,1
https://www.abqqdcg.cn/,0,0,0,0,0,0,0,0,233,0,1,1,1,1,1
https://www.7zms6e.cn/,0,0,0,0,0,0,0,0,351,1,1,1,1,1,1
http://pancakeclick-claimz.vercel.app,0,0,0,0,0,0,1,0,1,1,1,0,0,0,0
https://pancakeclick-claimz.vercel.app/,0,0,0,0,0,0,1,0,1,1,1,0,0,0,0
https://sites.google.com/view/vcxtee/home,0,0,3,0,0,0,0,0,9735,0,1,0,0,0,1
https://docs.google.com/presentation/d/e/2PACX-1vRvn12G4shRlBCHjgECsds9dRInvJ1N3tKHNrGEzsxAo_0JYs4Yi4n9I-1f2n3R6S2ZYDq1XSXMQBIa/pub?start=false&amp;loop=false&amp;delayms=3000,0,1,5,0,0,0,0,0,9735,0,1,0,0,0,0
https://docs.google.com/presentation/d/e/2PACX-1vRMfNha_qkgiTVytJANeDPw8aqLHS1m1dNCoQO3TN-VrWKtotZ_dUrJ7pTZPIBMNBxcZVUlD4G4TTvY/pub?start=false&amp;loop=false&amp;delayms=3000,0,1,5,0,0,0,0,0,9735,0,1,0,0,0,0
https://uliantbars.com/CH/3813/,0,0,2,0,0,0,0,0,20,0,1,0,0,0,0
https://holidayalleghe.com/wp-content/spal.html,0,0,2,0,0,0,0,0,69,0,1,1,1,1,1
https://signnioe.online/sign_v/,0,0,1,0,0,0,0,0,11,0,1,1,1,1,1
https://docs.google.com/presentation/d/e/2PACX-1vScatE2Td840mVcU8OlCmGthQ47lu-TfzYQo83IA3qr1h_zCBfOrEI0JLfZPAjAiub0-B9yUz_3r86K/pub?start=false&amp;loop=false&amp;delayms=3000,0,1,5,0,0,0,0,0,9735,0,1,0,0,0,0
http://taxpayer.4206e971f1.p8anw.me/spt=0qo92,0,0,1,0,0,0,0,0,366,0,2,0,0,0,0
https://access-information.duia.us/?main,0,0,0,0,0,0,1,0,3780,0,1,1,1,1,1
http://nifcsojdfz.duckdns.org,0,0,0,0,0,0,0,0,1,1,1,1,1,1,1
http://nidywslyzw.duckdns.org,0,0,0,0,0,0,0,0,1,1,1,1,1,1,1
http://nidrpjeybv.duckdns.org,0,0,0,0,0,0,0,0,1,1,1,1,1,1,1
https://allegr0lokalnie.6456322.xyz/zyphtyhk,0,0,1,0,0,0,0,0,11,0,1,1,1,1,1
http://nicwqlxrso.duckdns.org,0,0,0,0,0,0,0,0,1,1,1,1,1,1,1
https://docs.google.com/presentation/d/e/2PACX-1vRy13Dlzs34HUzAb8dbJpgGPRlOn6nyRLzSEEYV8-YEyd6GIvaRSTIHDI-mpY6yVmzbtfnx_X1bfpF5/pub?start=false&amp;loop=false&amp;delayms=3000,0,1,5,0,0,0,0,0,9735,0,1,0,0,0,0
https://2n71.istinid.com/DUME2H/email@example.com,1,0,2,0,0,0,0,0,13,0,1,1,1,1,1
http://staff-arubaitalia.com/e/e/e/authID=TR7cH/?auth=mode&amp;id=https%3a%2f%2flogin%2foauth20_authorize.srf%3flc%3d1033%26response_type%3dcode%26client_id%3d514132d42-0485c-4d186-b2f88-cf50c725332078%26scope%3dopenid%2bprofile%2bemail%2boffline_access%26response_mode%3dform_post%26redirect_uri%3dhttps%253a%252f%252f.com%252fcommon%252ffederation%252foauth2%26state%3drQIIAXVWDWDO2zTUACMkza0FaFFlJ8_P9rMdqYObtM7Pdps4TZMlMvZL_X_GMXHTFZAYO5etC6JjJSTEgsSEOqCKCXViBCbUiZGUneWGuxtOd7dRYEpM5THHcrwpPJFoyUQszUkMoE0OIprlWcRCwNg8YJO1lfvX4Otq8_lG_ezmnfK5_u3lKbU8CtwpLlkkPKceOmkaTyrlcpZlJTIeu9Y_ofyeoq,0,1,4,0,0,0,1,0,21,0,1,0,0,0,0
https://cloudflare-ipfs.com/ipfs/bafybeidbim7avelm2zdfbahym2hn5wq6mvpyqx7mzy74myfvn3edrnl5bq#noc@cloudflare.com,1,1,2,0,0,0,1,0,2173,0,1,0,0,0,0
https://rb.gy/z53208#amazon-noc-contact@amazon.com,1,0,1,0,0,0,0,0,1,1,1,0,0,0,0
https://cloudflare-ipfs.com/ipfs/bafybeidbim7avelm2zdfbahym2hn5wq6mvpyqx7mzy74myfvn3edrnl5bq,0,1,2,0,0,0,1,0,2173,0,1,0,0,0,0
https://dominioids.com,0,0,0,0,0,0,0,0,11,0,1,0,0,0,0
https://staff-arubaitalia.com/e/e/e/authID=GlSsy/,0,0,4,0,0,0,1,0,21,0,1,0,0,0,0
http://staff-arubaitalia.com/e/e,0,0,2,0,0,0,1,0,21,0,1,0,0,0,0
http://staff-arubaitalia.com/e/e/,0,0,2,0,0,0,1,0,21,0,1,0,0,0,0
http://panndemare.info,0,0,0,0,0,0,0,0,38,0,1,1,1,1,1
https://aruba-spa.id65200315104.com/AWHcHG-Ajr3S-sXdge-yGs2u-gcFar-HhSS/,0,1,1,0,0,0,1,0,28,0,1,1,1,1,1
http://a11egrolokalnie.5456322.xyz/captcha,0,0,1,0,0,0,0,0,11,0,1,1,1,1,1
https://a11egrolokalnie.5456322.xyz/jbrn4ucr,0,0,1,0,0,0,0,0,11,0,1,1,1,1,1
https://docs.google.com/presentation/d/e/2PACX-1vTSx-mrcGo3FUHs1IEKCjHB8X-YLzRCAsJFTVuD3CjQn0KQLrVCFabMyc67SHgiuUtqwj3dv6x1wsdR/pub?start=false&amp;loop=false&amp;delayms=3000,0,1,5,0,0,0,0,0,9735,0,1,0,0,0,0
http://coplinhealth.local-user.com,0,0,0,0,0,0,1,0,618,0,1,0,0,0,0
https://aionitaruilib.xyz/itsme/pgam/areautenti/login.php,0,0,4,0,0,0,0,0,19,0,1,1,1,1,1
https://b7b8-postmaster.systeme.io/proxy/request/297400523fd120e241ed7497dc3dedb9bf65b,0,1,3,0,0,0,1,0,3232,1,1,0,0,0,0
http://tg2813portal.com,0,0,0,0,0,0,0,0,17,0,1,1,1,1,1
https://cgd-m.com/login.php,0,0,1,0,0,0,1,0,11,0,1,1,1,1,1
https://cgd-m.com,0,0,0,0,0,0,1,0,11,0,1,1,1,1,1
http://app-multichains.vercel.app/wallets/,0,0,1,0,0,0,1,0,1,1,1,0,0,0,0
https://app-multichains.vercel.app/wallets/,0,0,1,0,0,0,1,0,1,1,1,0,0,0,0
http://www.efmg29.com/,0,0,0,0,0,0,0,0,101,0,1,0,0,0,0
https://as123digital.com/api/components/com_content/src/Serializer/4DVSUOLOIJ5H34/manage/status/tracking/j0pl1n/details.php?id=76451291,0,1,11,0,0,0,0,0,1697,0,1,1,1,1,1
https://cloudflare-ipfs.com/ipfs/bafkreidq4wqhe5xch462gsjrvkedx22k6st4kn6f4klzt2h3dkqz3foaoe#fabien.ohl%40unil.ch,0,1,2,0,0,0,1,0,2173,0,1,0,0,0,0
https://syl.xng.mybluehost.me/Bilin/inf/,0,0,2,0,0,0,0,0,2774,0,2,0,0,0,0
https://cheerdancers.com/verify?key=bill,0,0,1,0,0,0,0,0,327,1,1,0,0,0,0
https://i-sep-cl.com/xupeluetobsco/cicibgsmeok/cowolfp/AoapejwhtelwE/home.php?cid=2327&utm_term=2327&utm_campaign=login&utm_medium=help-and-learn&utm_source=login_frontend_hosting&utm_content=flyin&id=ZXhhbXBsZUBleGFtcGxlLmNvbQ=,0,1,5,0,0,0,1,0,125,0,1,1,1,1,1
https://www.my-swissquotefxtrader.com/,0,0,0,0,0,0,1,0,14,0,1,0,0,0,0
https://ilanrubinmusic.com/fedex/home/,0,0,2,0,0,0,0,0,1191,0,1,0,0,0,0
https://i-sep-cl.com/xupeluetobsco/cicibgsmeok/cowolfp/AoapejwhtelwE/home.php?cid=2327&amp;utm_term=2327&amp;utm_campaign=login&amp;utm_medium=help-and-learn&amp;utm_source=login_frontend_hosting&amp;utm_content=flyin&amp;id=ZXhhbXBsZUBleGFtcGxlLmNvbQ==,0,1,5,0,0,0,1,0,125,0,1,1,1,1,1
https://joyheldon.com/zxoeowmand/seomandex/zoxpamnai/PlaKxzirWQhd/4pYhsT/ZXhhbXBsZUBleGFtcGxlLmNvbQ==,0,1,6,0,0,0,0,0,31,0,1,0,0,0,0
https://cert.opdatering.id.20-52-253-199.cprapid.com/brt/update.php?%2719b6ee2ed1caaa5da985e257400b93ad4e778392%27,0,1,2,0,0,0,1,0,1821,0,4,1,1,1,1
http://mohelpitiya.webs.lk/en01.html,0,0,1,0,0,0,0,0,1,1,1,0,0,0,0
https://injobs.sk/en01.html,0,0,1,0,0,0,0,0,2769,0,1,0,0,0,0
https://allegrollokalnie.036526542.xyz/jndl2eoq,0,0,1,0,0,0,0,0,14,0,1,1,1,1,1
https://talanti-ua.mom/golosua/auth,0,0,2,0,0,0,1,0,17,0,1,1,1,1,1
http://claim-bitcoinminetrlx.pages.dev/xet/,0,0,1,0,0,0,1,0,1,1,1,0,0,0,0
https://claim-bitcoinminetrlx.pages.dev/xet/,0,0,1,0,0,0,1,0,1,1,1,0,0,0,0
https://dmcimaii.com/Mnoreply@fadata.eu,1,0,1,0,0,0,0,0,246,0,1,1,1,1,1
https://calderaradireno.systeme.io/proxy/request/297458ae0020d72173612cbc439efb5299c1c,0,1,3,0,0,0,0,0,3232,1,1,1,1,1,1
https://aionitaruilib.xyz/arubaitrr/areautenti/login.php,0,0,3,0,0,0,0,0,19,0,1,1,1,1,1
https://inspiress.in/img/clients/mode/instagram/index.php,0,0,5,0,0,0,0,0,2379,0,1,0,0,0,0
https://www3.vpass.hovittx.cn,0,0,0,0,0,0,0,0,234,0,2,1,1,1,1
https://fixmyowntv.com/,0,0,0,0,0,0,0,0,343,1,1,1,1,1,1
https://helihuojia.com/,0,0,0,0,0,0,0,0,357,1,1,1,1,1,1
https://haoxingsn.com/,0,0,0,0,0,0,0,0,359,1,1,1,1,1,1
https://bshgjc.com/,0,0,0,0,0,0,0,0,354,1,1,1,1,1,1
https://jingxinwl.com/,0,0,0,0,0,0,0,0,361,1,1,1,1,1,1
http://20-52-253-199.cprapid.com/brt/,0,0,1,0,0,0,1,0,1821,0,1,1,1,1,1
http://20-52-253-199.cprapid.com/brt/update.php?&#039;0546f6b59095224c58885b70d418474d608da75f&#039;,0,1,2,0,0,0,1,0,1821,0,1,1,1,1,1
http://aethirapp.live/api-connectionmodule/,0,0,1,0,0,0,0,0,11,0,1,1,1,1,1
http://20-52-253-199.cprapid.com/brt,0,0,1,0,0,0,1,0,1821,0,1,1,1,1,1
https://aethirapp.live/api-connectionmodule/,0,0,1,0,0,0,0,0,11,0,1,1,1,1,1
https://diederik.my.id/DN-txt/,0,0,1,0,0,0,0,0,73,0,1,1,1,1,1
https://view-fbcovery.com/acces-manages/?id=34a7fe226afe,0,0,1,0,0,0,1,0,50,0,1,0,0,0,0
https://aeno.co.jp.qiyyaaz.cn/aeon,0,0,1,0,0,0,0,0,181,0,3,1,1,1,1
https://aeno.co.jp.linlue.net/aeon,0,0,1,0,0,0,0,0,232,0,3,1,1,1,1
https://aeno.co.jp.xmym.net/aeon,0,0,1,0,0,0,0,0,232,0,3,1,1,1,1
https://aeno.co.jp.qiyyaae.cn/aeon,0,0,1,0,0,0,0,0,181,0,3,1,1,1,1
https://aeno.co.jp.trcx.net/aeon,0,0,1,0,0,0,0,0,232,0,3,1,1,1,1
https://aeno.co.jp.fengshandeng.net/aeon,0,0,1,0,0,0,0,0,232,0,3,1,1,1,1
https://aeno.co.jp.fulaigongwenquan.net/aeon,0,0,1,0,0,0,0,0,232,0,3,1,1,1,1
https://aeno.co.jp.qiyyaaw.cn/aeon,0,0,1,0,0,0,0,0,181,0,3,1,1,1,1
https://aeno.co.jp.163npx.net/aeon,0,0,1,0,0,0,0,0,232,0,3,1,1,1,1
https://aeno.co.jp.lacadenaherrumbrosa.net/aeon,0,0,1,0,0,0,0,0,232,0,3,1,1,1,1
https://aeno.co.jp.fjnk.net/aeon,0,0,1,0,0,0,0,0,232,0,3,1,1,1,1
https://aeno.co.jp.sylkxx.net/aeon,0,0,1,0,0,0,0,0,232,0,3,1,1,1,1
https://aeno.co.jp.roulan.net/aeon,0,0,1,0,0,0,0,0,232,0,3,1,1,1,1
https://allegroolokalnie.963563265.xyz,0,0,0,0,0,0,0,0,14,0,1,1,1,1,1
https://f6f991-41914.portmap.io:41914/gO-auth/nb/en-01/,0,0,3,0,0,0,1,0,1,1,1,1,1,1,1
https://dskbank.hexnodemdm.com,0,0,0,0,0,0,0,0,3363,0,1,0,0,0,0
https://dskbank.hexnodemdm.com/login/?next=/,0,0,1,0,0,0,0,0,3363,0,1,0,0,0,0
https://blank-template-2-32993.gr-site.com/,0,0,0,0,0,0,1,0,913,0,1,0,0,0,0
https://spoo.me/JoDQJ8,0,0,1,0,0,0,0,0,310,1,1,0,0,0,0
http://o2online.com.de,0,0,0,0,0,0,0,0,1,1,1,1,1,1,1
https://ditew3.wixsite.com/my-site-1,0,0,1,0,0,0,0,1,1,1,1,0,0,0,0
https://yfx.ujd.mybluehost.me/team/tax/info/,0,0,3,0,0,0,0,0,2774,0,2,0,0,0,0
https://103.157.142.141/login,0,0,1,0,0,0,0,0,1,1,1,1,1,1,1
https://aeno.co.jp.reyyaag.cn/aeon,0,0,1,0,0,0,0,0,181,0,3,1,1,1,1
https://aeno.co.jp.sayyaal.cn/aeon,0,0,1,0,0,0,0,0,181,0,3,1,1,1,1
https://optimcons.com/login,0,0,1,0,0,0,0,0,353,1,1,1,1,1,1
https://aeno.co.jp.sayyaai.cn/aeon,0,0,1,0,0,0,0,0,181,0,3,1,1,1,1
https://aeno.co.jp.riyyaac.cn/aeon,0,0,1,0,0,0,0,0,181,0,3,1,1,1,1
https://aeno.co.jp.sayyaap.cn/aeon,0,0,1,0,0,0,0,0,181,0,3,1,1,1,1
https://aeno.co.jp.riyyaay.cn/aeon,0,0,1,0,0,0,0,0,181,0,3,1,1,1,1
https://uspk.usspbn.top/pg?do=index,0,0,1,0,0,0,0,0,112,0,1,1,1,1,1
https://uspk.usspbn.top/,0,0,0,0,0,0,0,0,112,0,1,1,1,1,1
https://identif-log.ukit.me/,0,0,0,0,0,0,1,0,2707,0,1,0,0,0,0
https://junofinance.brizy.site/,0,0,0,0,0,0,0,0,2241,0,1,0,0,0,0
https://signinginyouratt.brizy.site/,0,0,0,0,0,0,0,0,2241,0,1,0,0,0,0
https://bluespringsr-ivschooldistrict0099.ukit.me/,0,0,0,0,0,0,1,0,2707,0,1,0,0,0,0
https://pacejohnb68.wixsite.com/my-site,0,0,1,0,0,0,0,1,1,1,1,0,0,0,0
https://letso.webflow.io/,0,0,0,0,0,0,0,0,4021,0,1,0,0,0,0
https://mygovmailverify.wixsite.com/my-site,0,0,1,0,0,0,0,1,1,1,1,0,0,0,0
https://peoplechoice.godaddysites.com/,0,0,0,0,0,0,0,0,3827,0,1,0,0,0,0
https://85ac9414ad2f.godaddysites.com/,0,0,0,0,0,0,0,0,3827,0,1,0,0,0,0
https://mnms89.wixsite.com/my-site,0,0,1,0,0,0,0,1,1,1,1,0,0,0,0
https://bt-mail-2018f1.webflow.io/,0,0,0,0,0,0,1,0,4021,0,1,0,0,0,0
https://alphabnksc.webflow.io/,0,0,0,0,0,0,0,0,4021,0,1,0,0,0,0
https://situpdate.webflow.io/,0,0,0,0,0,0,0,0,4021,0,1,0,0,0,0
https://karenpottmeyerr.wixsite.com/my-site,0,0,1,0,0,0,0,1,1,1,1,0,0,0,0